rank,name,source,weighted_rms_db,weighted_mae_db,shape_correlation,rms_1_6k_db,rms_6_8k_db,rms_8_10k_db,rms_10_12k_db,coverage_hz,path
1,Shuoer Cadenza 4,Jaytiss,0.7156898962804453,0.5832447657692144,0.9481683985817474,0.6455473889016825,0.9072180949510137,1.288295221646932,0.8358971172437744,20.0-19955.5,measurements/Jaytiss/data/in-ear/Shuoer Cadenza 4.csv
2,ThieAudio Hype 4,Jaytiss,0.8328609285220708,0.6798882452790167,0.9248047614109163,0.7465474214886765,0.587534890148221,1.9235848378547016,1.5376048056636484,20.0-19955.5,measurements/Jaytiss/data/in-ear/ThieAudio Hype 4.csv
3,ThieAudio Hype 10,Jaytiss,0.9610430041173913,0.6956346301967942,0.8290973004869778,0.8193747003706843,1.2774294254245404,1.5835486110880628,2.6440564558252118,20.0-19955.5,measurements/Jaytiss/data/in-ear/ThieAudio Hype 10.csv
4,Juzear x Z Reviews Defiant,Jaytiss,1.008156652850038,0.6255882217902519,0.8754248136806649,0.6646268626584786,1.7688589440544638,1.5428604296312376,4.299092061549733,20.0-19955.5,measurements/Jaytiss/data/in-ear/Juzear x Z Reviews Defiant.csv
5,Shozy P20,Jaytiss,1.0284497594012785,0.6598385089843263,0.8434306010468069,0.6165427878806135,1.9467511039709047,2.848286248569415,1.426701652914203,20.0-19955.5,measurements/Jaytiss/data/in-ear/Shozy P20.csv
6,Juzear 61T,Jaytiss,1.0516266261398626,0.5235812543246637,0.7353113899786329,0.34630379478042767,1.7810265979067328,2.332801887739835,6.009441988679854,20.0-19955.5,measurements/Jaytiss/data/in-ear/Juzear 61T.csv
7,Xenns Mangird Top Pro,Jaytiss,1.0951468913172844,0.862795782462933,0.9230903093582083,1.0476213142811297,0.9161944474523488,1.5536350288858438,2.5617808068342836,20.0-19955.5,measurements/Jaytiss/data/in-ear/Xenns Mangird Top Pro.csv
8,Sony XBA-N3,Jaytiss,1.1062223339275632,0.760949360735043,0.6595306283036909,0.8891877833823105,0.9273709923295234,1.719398664049108,5.157543788258109,20.0-19955.5,measurements/Jaytiss/data/in-ear/Sony XBA-N3.csv
9,7th Acoustics Supernova,Jaytiss,1.109725904883503,0.820690227720237,0.8699897772498789,0.9986031047454633,1.7463962786684097,1.247145993320165,1.416377761863796,20.0-19955.5,measurements/Jaytiss/data/in-ear/7th Acoustics Supernova.csv
10,ZiiGaat Odyssey,Jaytiss,1.1273361309506897,0.8947167619745494,0.8066509265123336,1.1065886515278083,1.0963515416404481,1.6143035900330287,0.6683873325759561,20.0-19955.5,measurements/Jaytiss/data/in-ear/ZiiGaat Odyssey.csv
11,Tanchjim Kara,Jaytiss,1.130378618281507,0.5501879222721824,0.7583808420597862,0.48242743440258157,1.3165980360873655,1.0247876090807013,8.187842312143651,20.0-19955.5,measurements/Jaytiss/data/in-ear/Tanchjim Kara.csv
12,Yanyin Cannon II,Jaytiss,1.1372033923338114,0.770848073846096,0.7345122892183652,0.9617645148221464,1.218971241582977,1.5516951676296298,4.507589221130444,20.0-19955.5,measurements/Jaytiss/data/in-ear/Yanyin Cannon II.csv
13,Hisenior Mega 5 EST,Jaytiss,1.1492196822201668,0.9172457971175088,0.8828520778079905,1.059324751376218,1.681417638661183,1.429560405440802,0.8749605634660044,20.0-19955.5,measurements/Jaytiss/data/in-ear/Hisenior Mega 5 EST.csv
14,7Hz x Crinacle Zero 2,Jaytiss,1.2019201829338622,0.9007462020719648,0.8715466475697244,1.1678632576457173,1.04545165498675,1.9515900266040498,1.2652838310309773,20.0-19955.5,measurements/Jaytiss/data/in-ear/7Hz x Crinacle Zero 2.csv
15,Elysian Pilgrim,Jaytiss,1.218644286533832,0.8871164159218583,0.7421379624108632,1.025544681236433,0.5648369784488516,3.123918866949232,3.380710487729349,20.0-19955.5,measurements/Jaytiss/data/in-ear/Elysian Pilgrim.csv
16,DUNU Mirai,Jaytiss,1.241070022012796,0.7857287182407791,0.779915128733314,0.8163120392570912,1.1821006537507905,1.210421790066472,7.7490035255699325,20.0-19955.5,measurements/Jaytiss/data/in-ear/DUNU Mirai.csv
17,Shuoer Mystic 8,Jaytiss,1.2476599138340272,0.895380811417676,0.699520232077179,0.8311293175100186,1.2312741621458148,3.1011398244185377,5.670487274760426,20.0-19955.5,measurements/Jaytiss/data/in-ear/Shuoer Mystic 8.csv
18,Kiwi Ears Quintet,Jaytiss,1.249095450714413,0.9612508723406143,0.8565859851907693,1.2062032757809023,1.3833608983456709,1.6352537356567156,1.4778916598067597,20.0-19955.5,measurements/Jaytiss/data/in-ear/Kiwi Ears Quintet.csv
19,DUNU x Gizaudio DaVinci,Jaytiss,1.2712526888611557,0.985560119263666,0.8780370356379116,1.1374119260195203,1.9805623136476567,0.9309756082568673,2.8364227114040896,20.0-19955.5,measurements/Jaytiss/data/in-ear/DUNU x Gizaudio DaVinci.csv
20,Binary Acoustics x Gizaudio Chopin,Jaytiss,1.271810094966949,0.9110866885460184,0.776005210374804,0.9840813909368477,1.225684782798219,1.6349635738290071,6.4423284476608345,20.0-19955.5,measurements/Jaytiss/data/in-ear/Binary Acoustics x Gizaudio Chopin.csv
21,ThieAudio Valhalla,Jaytiss,1.289624193146283,0.8538970435798768,0.8190485730886173,0.7307110685782872,2.486206082943888,2.3571601392799457,5.411978282572095,20.0-19955.5,measurements/Jaytiss/data/in-ear/ThieAudio Valhalla.csv
22,TANGZU BaJie,Jaytiss,1.3221684614162472,0.8986865416414714,0.7731110775873791,1.050369676412387,1.4910809961123934,3.4808166757137746,2.5489702934862613,20.0-19955.5,measurements/Jaytiss/data/in-ear/TANGZU BaJie.csv
23,Moondrop x Crinacle DUSK,Jaytiss,1.338161498112253,1.041355155411945,0.7702569246270945,1.2004868267160398,0.7777514048912831,2.088520288498878,5.005604464166342,20.0-19955.5,measurements/Jaytiss/data/in-ear/Moondrop x Crinacle DUSK.csv
24,Elysian Diva 2023 (red switch),Jaytiss,1.341698430846572,0.9488263050819612,0.8271485750246498,1.1256354151804424,1.7448646587519812,2.9778498140342924,2.0797708945795947,20.0-19955.5,measurements/Jaytiss/data/in-ear/Elysian Diva 2023 (red switch).csv
25,ThieAudio Monarch MKII,Jaytiss,1.3442599696726376,0.8979037092906595,0.7711367396645915,1.1163752818049535,1.2067707231612355,3.0644218965385686,4.036688565691557,20.0-19955.5,measurements/Jaytiss/data/in-ear/ThieAudio Monarch MKII.csv
26,Elysian Diva 2023 (blue switch),Jaytiss,1.3635054402340314,0.8931340006672898,0.8386765086033965,0.9455192522015168,2.2431950324625887,3.4901188584905296,2.7741902000170673,20.0-19955.5,measurements/Jaytiss/data/in-ear/Elysian Diva 2023 (blue switch).csv
27,Shuoer S15,Jaytiss,1.3698344495770625,1.1011137901542754,0.7666494806947785,1.223136706412043,1.7832170600026427,1.8606698553176464,3.450793536146606,20.0-19955.5,measurements/Jaytiss/data/in-ear/Shuoer S15.csv
28,MYER-AUDIO CKLVX SLIIVO SLT6 (off-off),Jaytiss,1.3880715124698844,1.0773481298030527,0.6985970967727697,1.2496309542149755,1.9394475328591816,1.7016851119484162,3.0059690071626277,20.0-19955.5,measurements/Jaytiss/data/in-ear/MYER-AUDIO CKLVX SLIIVO SLT6 (off-off).csv
29,MYER-AUDIO CKLVX SLIIVO SLT6 (on-off),Jaytiss,1.4010878268031688,1.1033971597452785,0.6887075890247624,1.2584114438520138,1.9370654825007811,1.7576659026401575,3.1353056746227774,20.0-19955.5,measurements/Jaytiss/data/in-ear/MYER-AUDIO CKLVX SLIIVO SLT6 (on-off).csv
30,MYER-AUDIO CKLVX SLIIVO SLT6 (on-on),Jaytiss,1.4029296473568968,1.1136824009763733,0.6946202248551274,1.2641686379931953,2.028049070481525,1.6045425646071232,2.878285865885321,20.0-19955.5,measurements/Jaytiss/data/in-ear/MYER-AUDIO CKLVX SLIIVO SLT6 (on-on).csv
31,Punch Audio Martilo,Jaytiss,1.4042440261188291,0.9876453479540646,0.8457722355820836,1.105178514334578,2.157841234649361,3.14519065378179,2.2899379579972177,20.0-19955.5,measurements/Jaytiss/data/in-ear/Punch Audio Martilo.csv
32,MYER-AUDIO CKLVX SLIIVO SLT6 (off-on),Jaytiss,1.4061725583694924,1.0992772590407736,0.6933259053253562,1.260018026700124,2.0948522248446166,1.598634185351334,2.773129763391124,20.0-19955.5,measurements/Jaytiss/data/in-ear/MYER-AUDIO CKLVX SLIIVO SLT6 (off-on).csv
33,ThieAudio Hype 2,Jaytiss,1.414014826174706,1.0499051373411725,0.692808698878452,1.3379379145735166,0.3606885011892695,1.471284959143441,5.388938826777543,20.0-19955.5,measurements/Jaytiss/data/in-ear/ThieAudio Hype 2.csv
34,Truthear x Crinacle Zero RED,Jaytiss,1.4175053502564847,0.8553479014974475,0.7438314806610824,0.7113945788883113,1.927970740866473,1.6925766358133525,9.215454980339292,20.0-19955.5,measurements/Jaytiss/data/in-ear/Truthear x Crinacle Zero RED.csv
35,Tin HiFi T5S,Jaytiss,1.42465212394316,1.0876218097574804,0.8130731021316746,1.1297483468136271,1.887953405107168,3.0868941192771806,3.9242009053452893,20.0-19955.5,measurements/Jaytiss/data/in-ear/Tin HiFi T5S.csv
36,64 Audio Solo,Jaytiss,1.4263475804917878,1.154949276364592,0.7202032011428215,1.1445553179758055,2.513058609918932,2.040480634632138,3.2714838269270397,20.0-19955.5,measurements/Jaytiss/data/in-ear/64 Audio Solo.csv
37,SeeAudio x Crinacle Yume Midnight,Jaytiss,1.428120206313163,0.7776803569179304,0.6559529158110867,0.5456185729064051,3.24710065413066,3.3260440446104402,4.835633422725128,20.0-19955.5,measurements/Jaytiss/data/in-ear/SeeAudio x Crinacle Yume Midnight.csv
38,Elysian Diva 2023 (white switch),Jaytiss,1.4310603845857501,0.9507265948714647,0.8442976765728224,0.9695340430841829,2.761293866048358,3.2045915330668646,2.5014505761918255,20.0-19955.5,measurements/Jaytiss/data/in-ear/Elysian Diva 2023 (white switch).csv
39,Truthear x Crinacle Zero RED (Bass+),Jaytiss,1.4582804813530137,1.028343170267737,0.8033947468878835,0.8512996477345232,3.0683102278646888,1.4306161001573703,6.327675871282982,20.0-19955.5,measurements/Jaytiss/data/in-ear/Truthear x Crinacle Zero RED (Bass+).csv
40,ThieAudio Origin,Jaytiss,1.4727782891603407,1.1970365604831432,0.6686209760929884,1.1633716309369364,2.734593071979011,2.4873174314755797,1.7300563691244089,20.0-19955.5,measurements/Jaytiss/data/in-ear/ThieAudio Origin.csv
41,Padsmith In Ear Monitors,Jaytiss,1.4780145789871788,0.873267908019429,0.7536072605990378,0.8891763258256324,2.3052858465118358,4.54946899868775,3.097766673345844,20.0-19955.5,measurements/Jaytiss/data/in-ear/Padsmith In Ear Monitors.csv
42,Kiwi Ears Astral,Jaytiss,1.4897941749371864,0.9397239890413042,0.6852238012590722,0.9271736013791233,1.4951222109259223,4.086113055099389,6.612875359447777,20.0-19955.5,measurements/Jaytiss/data/in-ear/Kiwi Ears Astral.csv
43,MiM Audio Dark Magician,Jaytiss,1.4916747805243973,1.0396890099266005,0.6560288544774049,1.1953302046247734,1.3636603756738963,2.9750508769162107,5.947637168909997,20.0-19955.5,measurements/Jaytiss/data/in-ear/MiM Audio Dark Magician.csv
44,KEFINE Quatio (black nozzle),Jaytiss,1.5008058275592624,1.0995235366241716,0.7158512642048731,1.283439666177481,1.966758176750355,0.9113169591008825,5.875680331554439,20.0-19955.5,measurements/Jaytiss/data/in-ear/KEFINE Quatio (black nozzle).csv
45,SoftEars Studio 4,Jaytiss,1.521998066572667,0.9691620159290294,0.7509204011764946,0.9442312646046946,0.986433175864118,4.194814595986602,7.453167382072492,20.0-19955.5,measurements/Jaytiss/data/in-ear/SoftEars Studio 4.csv
46,7Hz Salnotes Zero,Jaytiss,1.5395215815736598,1.1303966858593804,0.822871139204594,1.3962228585902494,1.7275069751078174,1.0220068041280248,5.448384397598045,20.0-19955.5,measurements/Jaytiss/data/in-ear/7Hz Salnotes Zero.csv
47,Xenns UP,Jaytiss,1.5429153695197124,0.9435547145984766,0.6751279537345716,1.1287103931485793,0.9073417877573328,4.682649289911832,4.7332651945135895,20.0-19955.5,measurements/Jaytiss/data/in-ear/Xenns UP.csv
48,Canpur CP622B,Jaytiss,1.570598868693532,1.323642773359265,0.7112687148425116,1.4082234840451562,1.6767897059874246,3.103467503820889,2.849195952017806,20.0-19955.5,measurements/Jaytiss/data/in-ear/Canpur CP622B.csv
49,Moondrop Concerto,Jaytiss,1.5751014266662815,0.9528483283432587,0.7627733482929189,0.9598862309914336,1.4581525464382976,3.9290702769499637,8.049316298480754,20.0-19955.5,measurements/Jaytiss/data/in-ear/Moondrop Concerto.csv
50,IO Audio Volare,Jaytiss,1.5941277166394698,1.2718128330397274,0.7802719672065667,1.4533062344293413,1.3043202711413828,2.7157628301974372,4.587614954853468,20.0-19955.5,measurements/Jaytiss/data/in-ear/IO Audio Volare.csv
51,Sennheiser IE 200,Jaytiss,1.604345466594532,1.207241780321824,0.590916435533435,1.4553647585641156,2.022196663938374,2.7024111960033954,2.3839372218513857,20.0-19955.5,measurements/Jaytiss/data/in-ear/Sennheiser IE 200.csv
52,KZ Zenith (on-on-off-off),Jaytiss,1.6111113211238248,1.1382112138455718,0.8294566169007505,1.0730509747937067,2.1975130301378254,3.2078152920997822,7.440765006227055,20.0-19955.5,measurements/Jaytiss/data/in-ear/KZ Zenith (on-on-off-off).csv
53,AFUL Performer 5,Jaytiss,1.6148233941583194,1.147670461087824,0.6013937501760007,1.294361487280749,1.9430994705120217,4.05342283940094,3.1178349934814036,20.0-19955.5,measurements/Jaytiss/data/in-ear/AFUL Performer 5.csv
54,Shuoer Cadenza 12 2024,Jaytiss,1.6177341267243752,1.147077335317285,0.7595895956786839,1.0922376370929026,2.226038007231522,4.357073794916821,4.990547954986908,20.0-19955.5,measurements/Jaytiss/data/in-ear/Shuoer Cadenza 12 2024.csv
55,SoftEars Volume S,Jaytiss,1.627728489869723,1.0555852357954074,0.8368019764614675,0.8405431503056378,3.6217700793447807,2.2678868367948906,6.629510201776637,20.0-19955.5,measurements/Jaytiss/data/in-ear/SoftEars Volume S.csv
56,Lime Ears Maris,Jaytiss,1.6341573524157964,0.9994185095369431,0.7661367939130749,1.5633030208912517,1.2760227323736928,2.9741151621888804,2.242439538577208,20.0-19955.5,measurements/Jaytiss/data/in-ear/Lime Ears Maris.csv
57,"Fatfreq Grand Maestro (blue module, up)",Jaytiss,1.647165994110933,1.1630390539708633,0.9146520237584082,1.3935981158832111,3.1362228635252687,1.4465509926653541,1.5269271814619145,20.0-19955.5,"measurements/Jaytiss/data/in-ear/Fatfreq Grand Maestro (blue module, up).csv"
58,Xenns Mangird Tea Pro 2024,Jaytiss,1.649802560422607,1.2481494462724523,0.756851955119579,1.4316799285291386,2.3004802861477676,2.350607349011516,4.296328805840536,20.0-19955.5,measurements/Jaytiss/data/in-ear/Xenns Mangird Tea Pro 2024.csv
59,64 Audio U4S (m12 Apex module),Jaytiss,1.6547438895759017,1.1061250094468444,0.5306524831950538,1.4676560003283934,2.051877687410019,0.81034450666688,6.071069964885035,20.0-19955.5,measurements/Jaytiss/data/in-ear/64 Audio U4S (m12 Apex module).csv
60,Kiwi Ears KE4,Jaytiss,1.654966180512368,1.3108540595459401,0.6881833977027846,1.614852718069262,1.524999265783282,1.6840701042093094,3.7516001924973095,20.0-19955.5,measurements/Jaytiss/data/in-ear/Kiwi Ears KE4.csv
61,DUNU Talos,Jaytiss,1.6656585897540077,1.2572094999315049,0.8526201021908882,1.5099078917006616,2.5013768224450637,2.1375849673228022,1.8491295429417618,20.0-19955.5,measurements/Jaytiss/data/in-ear/DUNU Talos.csv
62,ARTTI T10 Pro,Jaytiss,1.6747464031669785,1.0913207006466439,0.6812270610551164,1.5132819078398676,1.0816415144334157,1.9971297958023841,6.69036472139808,20.0-19955.5,measurements/Jaytiss/data/in-ear/ARTTI T10 Pro.csv
63,64 Audio U6t (m15 Apex module),Jaytiss,1.679614894281175,1.2630219985195035,0.7119166870590693,1.305979569166995,2.4579103036531724,1.2396420323021342,7.492195515427064,20.0-19955.5,measurements/Jaytiss/data/in-ear/64 Audio U6t (m15 Apex module).csv
64,Elysian Apostle,Jaytiss,1.689305855934872,1.2983852815662862,0.7554741597893055,1.389646561215369,2.124383895344994,3.2749745976619664,5.016361755935938,20.0-19955.5,measurements/Jaytiss/data/in-ear/Elysian Apostle.csv
65,Campfire Audio Moon Rover,Jaytiss,1.689800682242389,1.2007153965902866,0.5444922821223723,1.3064899258057958,2.7823478358979363,3.1359080604139518,4.349351089470231,20.0-19955.5,measurements/Jaytiss/data/in-ear/Campfire Audio Moon Rover.csv
66,Oriveti OH700VB (bass switch on),Jaytiss,1.689953840357866,1.2193303338121126,0.7381098078664203,1.3389509368923307,2.4591842022488364,1.6899461185119806,6.98203297443963,20.0-19955.5,measurements/Jaytiss/data/in-ear/Oriveti OH700VB (bass switch on).csv
67,Simgot Audio EA1000 (gold nozzle),Jaytiss,1.6931828304108651,1.0048958097029268,0.6680374817342306,0.9918340536894321,1.0278128866431697,4.793645587496718,8.587561630677527,20.0-19955.5,measurements/Jaytiss/data/in-ear/Simgot Audio EA1000 (gold nozzle).csv
68,Elysian Annihilator (2023),Jaytiss,1.696339105933611,1.352526218463522,0.83323339375244,1.594366148548331,1.3175277028736652,2.895837842875354,3.9103261479443767,20.0-19955.5,measurements/Jaytiss/data/in-ear/Elysian Annihilator (2023).csv
69,64 Audio Volur,Jaytiss,1.6991008551708575,1.1501418784902577,0.6027105355285667,1.2911033829377863,0.6955842834316259,4.504499581090196,6.60494574366417,20.0-19955.5,measurements/Jaytiss/data/in-ear/64 Audio Volur.csv
70,CCA Polaris (on-on-on-on),Jaytiss,1.7048590120842413,1.1425815024809862,0.7447695156847206,1.1758568514245664,2.088794313278296,3.918774106885596,7.147954174585227,20.0-19955.5,measurements/Jaytiss/data/in-ear/CCA Polaris (on-on-on-on).csv
71,Lime Ears Incognita,Jaytiss,1.706001802276523,0.806541370487074,0.6079836224277825,0.5040221063126754,2.455586306121868,4.766907608124249,9.422423984990038,20.0-19955.5,measurements/Jaytiss/data/in-ear/Lime Ears Incognita.csv
72,64 Audio Volur (m15 Apex module),Jaytiss,1.7074075098130457,1.1414852175070103,0.6424489494425839,1.2894737863106334,1.2463658147333503,4.19857948497429,6.845163370023095,20.0-19955.5,measurements/Jaytiss/data/in-ear/64 Audio Volur (m15 Apex module).csv
73,Fatfreq Scarlet Mini,Jaytiss,1.714268381741458,1.3092788952728858,0.6523407868829129,1.4369821756816532,2.1242932679973436,2.724832195809226,5.810877118251722,20.0-19955.5,measurements/Jaytiss/data/in-ear/Fatfreq Scarlet Mini.csv
74,CVJ Aria,Jaytiss,1.7214614701293562,1.0212092363735084,0.5901335278411244,0.9734659767327041,3.2113633918416324,4.646811603132222,4.401514410943894,20.0-19955.5,measurements/Jaytiss/data/in-ear/CVJ Aria.csv
75,Oriveti OH700VB (bass switch off),Jaytiss,1.727500579942581,1.264803103682941,0.7384498175208897,1.3972174083559885,2.491807195423871,1.624270875816492,6.908431408996163,20.0-19955.5,measurements/Jaytiss/data/in-ear/Oriveti OH700VB (bass switch off).csv
76,ZiiGaat x Fresh Reviews Arete,Jaytiss,1.7485741922991525,1.0806482909034834,0.669408572540197,0.8906302865784702,2.314405642834183,4.89468670748026,8.111475516558746,20.0-19955.5,measurements/Jaytiss/data/in-ear/ZiiGaat x Fresh Reviews Arete.csv
77,CrinEar Meta,Jaytiss,1.7624236308156136,1.3253241308318948,0.8470895650758911,1.3735542167022967,3.3722157167512523,0.9356049473264346,5.3722613822420175,20.0-19955.5,measurements/Jaytiss/data/in-ear/CrinEar Meta.csv
78,Xenns Mangird Tea2,Jaytiss,1.7667518674037659,1.2917115579619325,0.6418915769032544,1.6469300494101402,0.8432038863402402,2.8418162853072966,5.619190709720706,20.0-19955.5,measurements/Jaytiss/data/in-ear/Xenns Mangird Tea2.csv
79,7Hz Sonus,Jaytiss,1.7670590114646862,1.2307196975189036,0.7788859381280839,0.9325956129274374,4.520126953405162,2.2398171308930244,3.983719028593581,20.0-19955.5,measurements/Jaytiss/data/in-ear/7Hz Sonus.csv
80,Moondrop Darksaber,Jaytiss,1.7799048558128425,1.205530201470011,0.7453568064662855,1.2682195958892806,1.5154004438000346,4.784158278412929,6.8694126182113635,20.0-19955.5,measurements/Jaytiss/data/in-ear/Moondrop Darksaber.csv
81,Vision Ears VE10,Jaytiss,1.7829860936409951,1.1701978018905368,0.7632228009596715,1.6042878313262927,2.679159605035489,2.4844197547395037,1.82042024013866,20.0-19955.5,measurements/Jaytiss/data/in-ear/Vision Ears VE10.csv
82,ThieAudio Oracle MKII,Jaytiss,1.7887246512195707,1.2200741058625997,0.5429744047774211,1.3948116273932605,1.306050740227682,3.958290704295953,7.454254700085955,20.0-19955.5,measurements/Jaytiss/data/in-ear/ThieAudio Oracle MKII.csv
83,ThieAudio Oracle,Jaytiss,1.7939315268832816,1.2681743934107488,0.5790782004741054,1.2988293608587693,1.2883303357653,4.348701255340011,7.978425914022087,20.0-19955.5,measurements/Jaytiss/data/in-ear/ThieAudio Oracle.csv
84,SoundPeats Capsule3 Pro+,Jaytiss,1.800806016680248,1.2312929931807144,0.7340925554474358,1.1793628676094599,2.072295395096822,4.354388627959301,8.075789866137134,20.0-19955.5,measurements/Jaytiss/data/in-ear/SoundPeats Capsule3 Pro+.csv
85,Final Audio B3,Jaytiss,1.8026390527158949,1.4000725553795152,0.5368568391624909,1.672849009746886,2.566423849474487,1.7731616092426006,2.8887849611756713,20.0-19955.5,measurements/Jaytiss/data/in-ear/Final Audio B3.csv
86,64 Audio Volur (mX Apex module),Jaytiss,1.8029211312309639,1.1597404153952064,0.6018214793166142,1.328646855016239,0.6539810322282766,4.9337558426676615,7.2385075755476995,20.0-19955.5,measurements/Jaytiss/data/in-ear/64 Audio Volur (mX Apex module).csv
87,Binary Acoustics Dynaquattro,Jaytiss,1.8040738563208731,1.3397237015137735,0.811523136644217,1.742122739096608,1.6182461241836932,2.603918699143501,3.288965603784683,20.0-19955.5,measurements/Jaytiss/data/in-ear/Binary Acoustics Dynaquattro.csv
88,Sennheiser IE 600,Jaytiss,1.8051199540940082,1.223491347498023,0.5162970504350111,1.0981406586178646,2.876835066033358,5.659027851483722,2.4920590441892334,20.0-19955.5,measurements/Jaytiss/data/in-ear/Sennheiser IE 600.csv
89,Moondrop LAN,Jaytiss,1.8284456049829239,1.3650567478558688,0.74771125773668,1.508925371222341,1.0818243659521534,4.113667182539498,6.695712248281763,20.0-19955.5,measurements/Jaytiss/data/in-ear/Moondrop LAN.csv
90,64 Audio Volur (m12 Apex module),Jaytiss,1.8313915206283824,1.11457386888583,0.5844972022423989,1.3281486969436755,0.5304911993656738,5.165179950910704,7.341842053478287,20.0-19955.5,measurements/Jaytiss/data/in-ear/64 Audio Volur (m12 Apex module).csv
91,ZiiGaat x HBB Jupiter,Jaytiss,1.8329715512143638,1.246263449180691,0.6560123730911289,1.0794781465824579,2.058424225631646,5.73326787607053,6.6262359090274,20.0-19955.5,measurements/Jaytiss/data/in-ear/ZiiGaat x HBB Jupiter.csv
92,SWEEAR SR11,Jaytiss,1.835266095690131,1.1328700863804626,0.5876718481312604,0.9088459533814842,1.7070857775641306,5.455650447931741,9.314032070631725,20.0-19955.5,measurements/Jaytiss/data/in-ear/SWEEAR SR11.csv
93,ZiiGaat Luna,Jaytiss,1.8367068554488681,1.3936423878629345,0.49777656773945705,1.2730867498494893,3.223525721948837,3.9043959220950435,5.210368308917373,20.0-19955.5,measurements/Jaytiss/data/in-ear/ZiiGaat Luna.csv
94,Penon Serial,Jaytiss,1.8370735900336534,1.1571729410051428,0.6605319290308836,1.1759361642702266,2.1818434030869422,5.40326321780652,6.242672949684518,20.0-19955.5,measurements/Jaytiss/data/in-ear/Penon Serial.csv
95,Kiwi Ears x HBB Punch,Jaytiss,1.8402202162382022,1.48724338453871,0.619657404353219,1.6726463953599306,1.3646440060174254,3.942988204248155,3.6652537794208233,20.0-19955.5,measurements/Jaytiss/data/in-ear/Kiwi Ears x HBB Punch.csv
96,Kiwi Ears Etude,Jaytiss,1.845259711878545,1.2860119678619546,0.5855123554499747,1.3775240452023738,0.736330864898227,4.27405768532656,8.642037542777738,20.0-19955.5,measurements/Jaytiss/data/in-ear/Kiwi Ears Etude.csv
97,FiiO FD15,Jaytiss,1.8505243776456424,0.979680027914305,0.7343484537795416,0.6538210838502616,2.997721238870962,5.988036859446712,7.2218137183774305,20.0-19955.5,measurements/Jaytiss/data/in-ear/FiiO FD15.csv
98,TANGZU YuXuanJi,Jaytiss,1.8506146791989333,1.1495993082528753,0.7230107503637268,1.085901525192139,3.578675160324223,4.400808167076789,5.3459144120666275,20.0-19955.5,measurements/Jaytiss/data/in-ear/TANGZU YuXuanJi.csv
99,PULA PA02,Jaytiss,1.8562154012259,1.3942260141279066,0.8476710356107551,1.381513772648343,3.363148935236238,4.022733228009773,1.9921365210658633,20.0-19955.5,measurements/Jaytiss/data/in-ear/PULA PA02.csv
100,Moondrop Meteor,Jaytiss,1.857437946395639,0.885392005610224,0.663489931142262,0.6283758341342491,0.768924774902271,6.277976490220652,10.341949781804948,20.0-19955.5,measurements/Jaytiss/data/in-ear/Moondrop Meteor.csv
101,TRI i3 MK3,Jaytiss,1.869396248077517,1.1089827765370353,0.7433456207562334,0.8972964830981645,2.593446010837994,6.129308603284722,6.635543264228065,20.0-19955.5,measurements/Jaytiss/data/in-ear/TRI i3 MK3.csv
102,64 Audio Volur (m20 Apex module),Jaytiss,1.8694328249639074,1.1713863722983653,0.587342759804171,1.3450885150782812,0.6635185743641778,5.320575041891886,7.435615078613489,20.0-19955.5,measurements/Jaytiss/data/in-ear/64 Audio Volur (m20 Apex module).csv
103,Kinera Celest Yaksha,Jaytiss,1.8764435258575565,1.258369883487737,0.7409548485586371,1.2359400672437075,2.0300588718263946,4.929627207662828,7.84480906584922,20.0-19955.5,measurements/Jaytiss/data/in-ear/Kinera Celest Yaksha.csv
104,ZiiGaat x Jays Audio Estrella,Jaytiss,1.8806174543438978,1.3514797101249008,0.7219620885660151,1.781036638133451,2.3576233221164973,2.5496542867152874,1.6412485546464526,20.0-19955.5,measurements/Jaytiss/data/in-ear/ZiiGaat x Jays Audio Estrella.csv
105,AME Radioso,Jaytiss,1.8916829601617384,1.3643616938799064,0.7017286516052604,1.370948619751053,3.217794285176004,4.197320635640626,4.30496926339288,20.0-19955.5,measurements/Jaytiss/data/in-ear/AME Radioso.csv
106,NiceHCK NX8,Jaytiss,1.9017080878979558,1.2537954852567927,0.49448505378985597,1.004281303137176,3.7170502598504696,4.1033210750441205,7.437827833115722,20.0-19955.5,measurements/Jaytiss/data/in-ear/NiceHCK NX8.csv
107,CKLVX 1DD+4BA,Jaytiss,1.90459895901708,1.2800387964815776,0.6514356249362191,1.1189500752891706,2.3947837601131576,5.29415950517641,7.97547676669027,20.0-19955.5,measurements/Jaytiss/data/in-ear/CKLVX 1DD+4BA.csv
108,Truthear Hexa,Jaytiss,1.9054494568477005,1.3049405189240573,0.8318737113732909,1.0706137704546674,4.793921206080405,2.6463617445822067,3.3986427072000915,20.0-19955.5,measurements/Jaytiss/data/in-ear/Truthear Hexa.csv
109,BASN MTPro,Jaytiss,1.9086175238147496,1.3662920976182535,0.8025049382291839,1.5507365891804779,2.2034722058871203,4.2484379747069925,5.341167165126866,20.0-19955.5,measurements/Jaytiss/data/in-ear/BASN MTPro.csv
110,DUNU Vulkan 2,Jaytiss,1.9132293059756358,1.1512129096904382,0.6156793698418297,1.0839157375982955,1.1114285391572112,6.188080467926751,8.427148413499141,20.0-19955.5,measurements/Jaytiss/data/in-ear/DUNU Vulkan 2.csv
111,DUNU EST 112,Jaytiss,1.913373672651453,1.1013004032632616,0.5297582916065494,1.394110853533042,1.0471620532499577,1.3800205072340745,11.868611462353583,20.0-19955.5,measurements/Jaytiss/data/in-ear/DUNU EST 112.csv
112,TANGZU Wan'er 2,Jaytiss,1.9229940141007018,1.3534160550509213,0.7358174623862971,1.4416616618641482,1.3423497219261442,4.99007578059089,7.374795591297254,20.0-19955.5,measurements/Jaytiss/data/in-ear/TANGZU Wan'er 2.csv
113,AüR Audio Aure,Jaytiss,1.9259781972187306,1.3555266360988885,0.6910079133544812,1.3589416283353635,2.618462313100051,3.808516084804967,8.181408093601885,20.0-19955.5,measurements/Jaytiss/data/in-ear/AüR Audio Aure.csv
114,Prisma Audio Azul,Jaytiss,1.9328751068366452,1.2840277834027771,0.6199834857946485,1.312485964662431,4.245272828147504,2.577889293072882,4.464760147990686,20.0-19955.5,measurements/Jaytiss/data/in-ear/Prisma Audio Azul.csv
115,Hidizs MP143 (gold nozzle),Jaytiss,1.9355671951481161,1.4544003832674222,0.45261908980402593,1.5385991733296294,3.3555667340970383,2.322611863476089,5.730774857153508,20.0-19955.5,measurements/Jaytiss/data/in-ear/Hidizs MP143 (gold nozzle).csv
116,Symphonium Audio X Elise Audio Europa,Jaytiss,1.9360894521640684,1.194203253746715,0.6108490173601377,1.2212188030405207,3.2561366528802207,5.01381408788068,5.531259123324391,20.0-19955.5,measurements/Jaytiss/data/in-ear/Symphonium Audio X Elise Audio Europa.csv
117,Kiwi Ears Airoso,Jaytiss,1.9404496458312408,1.4274720792740168,0.7400129741905258,1.602134369485353,3.5447851038658027,2.7978741361076827,1.8927510336224722,20.0-19955.5,measurements/Jaytiss/data/in-ear/Kiwi Ears Airoso.csv
118,Effect Audio X Elysian Pilgrim Noir,Jaytiss,1.9421065924206442,1.588990320940365,0.7597558005111467,1.6672962270676168,2.1430865675047204,3.9662476665836204,4.843650045225491,20.0-19955.5,measurements/Jaytiss/data/in-ear/Effect Audio X Elysian Pilgrim Noir.csv
119,Unique Melody Stardust,Jaytiss,1.9454838124023424,1.5972200477765537,0.4700131139621251,1.6724133347465353,2.41273382068581,3.4523349004987183,5.168380837709234,20.0-19955.5,measurements/Jaytiss/data/in-ear/Unique Melody Stardust.csv
120,BLON BL-03,Jaytiss,1.9456522947472281,1.3601675339961115,0.5202005473339666,1.5748626864721083,2.4850576141546696,4.0747911494977345,5.434467183221836,20.0-19955.5,measurements/Jaytiss/data/in-ear/BLON BL-03.csv
121,Moondrop Variations,Jaytiss,1.9556848249794345,1.4645612816061848,0.6325195233994461,1.4247272859262423,2.772172537666395,4.471600158583871,6.302789052229867,20.0-19955.5,measurements/Jaytiss/data/in-ear/Moondrop Variations.csv
122,Shuoer S08,Jaytiss,1.964944260755169,1.4671477033914087,0.5665492922763999,1.8257129371392782,1.2982425834540459,1.672435525314916,7.618433751642209,20.0-19955.5,measurements/Jaytiss/data/in-ear/Shuoer S08.csv
123,KEFINE Quatio (silver nozzle),Jaytiss,1.971926744866552,1.3224219918080984,0.617540250349387,1.6960788266312137,3.231825305077071,0.5758438933853248,5.751705314020255,20.0-19955.5,measurements/Jaytiss/data/in-ear/KEFINE Quatio (silver nozzle).csv
124,EPZ P50,Jaytiss,1.977752122713359,1.2705372381904332,0.6736021183239969,1.2928238971447412,0.8151010104213193,6.33862401087558,7.48019897585037,20.0-19955.5,measurements/Jaytiss/data/in-ear/EPZ P50.csv
125,Moondrop Aria 2,Jaytiss,1.9970805776334555,1.6265470389144168,0.7519193348874736,1.7207707504316803,2.1366227187327436,3.3456805348688023,6.5852180830994245,20.0-19955.5,measurements/Jaytiss/data/in-ear/Moondrop Aria 2.csv
126,ThieAudio Prestige LTD,Jaytiss,2.0007930653552157,1.1554419415688146,0.5430239527754299,0.7835521204983555,4.5389305248667835,4.9176864627601,6.04689110734904,20.0-19955.5,measurements/Jaytiss/data/in-ear/ThieAudio Prestige LTD.csv
127,Symphonium Audio Crimson,Jaytiss,2.0046351381160097,1.3763764056399765,0.660608595273015,1.562591713472653,3.555560980712889,3.9014177568539705,2.5586124560207817,20.0-19955.5,measurements/Jaytiss/data/in-ear/Symphonium Audio Crimson.csv
128,PlusSound Volta,Jaytiss,2.011440235098,1.5120760646860385,0.46706724393191895,1.6852903031546087,3.242498570816187,3.7420709507688446,1.5353086232905064,20.0-19955.5,measurements/Jaytiss/data/in-ear/PlusSound Volta.csv
129,ZiiGaat x HBB Arcadia,Jaytiss,2.0166936477840363,1.5661900797567676,0.8132455537194204,1.4791440627888714,4.419595817103587,1.2054740353226112,4.560833900664269,20.0-19955.5,measurements/Jaytiss/data/in-ear/ZiiGaat x HBB Arcadia.csv
130,AFUL Performer 7,Jaytiss,2.0183374247641948,1.508911665736661,0.5579752616298025,1.7229325630190613,0.8991402321832475,4.1272887619325935,7.631381356455353,20.0-19955.5,measurements/Jaytiss/data/in-ear/AFUL Performer 7.csv
131,TANGZU x HBB XuanNv,Jaytiss,2.0196145401435537,1.222132333315599,0.6681717233129082,1.2805896673505952,1.4357837470668022,4.692192114444233,10.953990885300538,20.0-19955.5,measurements/Jaytiss/data/in-ear/TANGZU x HBB XuanNv.csv
132,TANGZU Zetian Wu,Jaytiss,2.022203091451529,1.4794399226551604,0.501949141163645,1.4278690041936737,4.579558675921551,2.512312278196829,2.3846059574842533,20.0-19955.5,measurements/Jaytiss/data/in-ear/TANGZU Zetian Wu.csv
133,Kiwi Ears x Crinacle Singolo,Jaytiss,2.026360352378051,1.2639292675633194,0.6406373881339653,1.2252139679518788,0.7713161533492675,5.378991098239434,10.92836197666724,20.0-19955.5,measurements/Jaytiss/data/in-ear/Kiwi Ears x Crinacle Singolo.csv
134,Simgot Audio SuperMix 4,Jaytiss,2.02892175405474,1.6404818428622958,0.7930500816187431,1.9839430663759148,2.2468097140809737,2.353237475351015,2.0887259919291674,20.0-19955.5,measurements/Jaytiss/data/in-ear/Simgot Audio SuperMix 4.csv
135,KEFINE Quatio (gold nozzle),Jaytiss,2.0296663521150524,1.4123142542610099,0.6610404130458855,1.9993804129620758,1.975922826149575,1.076338484626466,4.836885924862102,20.0-19955.5,measurements/Jaytiss/data/in-ear/KEFINE Quatio (gold nozzle).csv
136,DUNU Falcon Ultra,Jaytiss,2.0312651258944054,1.1308580615410242,0.7500794470249871,1.225876854911217,2.9014169755326558,4.843459654374806,8.982902670634575,20.0-19955.5,measurements/Jaytiss/data/in-ear/DUNU Falcon Ultra.csv
137,7Hz Salnotes Dioko,Jaytiss,2.032936473890385,1.212416525149902,0.4080665379615109,1.0160053426110403,4.358067731871919,5.4384984192785835,3.6718467282448013,20.0-19955.5,measurements/Jaytiss/data/in-ear/7Hz Salnotes Dioko.csv
138,Audiosense DT200,Jaytiss,2.0356720006793223,1.731553077665507,0.6773673568244192,1.8156788021709827,1.5368211573793307,3.8235955740619834,6.2086961835311465,20.0-19955.5,measurements/Jaytiss/data/in-ear/Audiosense DT200.csv
139,Oriolus Monachaa,Jaytiss,2.040065808073201,1.6095412502554778,0.5259653379029549,1.761399221562877,3.0109730201290623,3.4279271512666085,3.5007559475012,20.0-19955.5,measurements/Jaytiss/data/in-ear/Oriolus Monachaa.csv
140,Fatfreq Maestro SE,Jaytiss,2.049167717839626,0.9881598685546427,0.48276128414413744,0.6475952317548898,4.619002551153329,6.471729929925073,1.0225287616354797,20.0-19955.5,measurements/Jaytiss/data/in-ear/Fatfreq Maestro SE.csv
141,Moondrop x Crinacle Blessing2 Dusk,Jaytiss,2.0586274872012216,1.412818848421371,0.528151549292032,1.3010597194293845,2.6799629229638295,4.269934504957111,10.157438656240885,20.0-19955.5,measurements/Jaytiss/data/in-ear/Moondrop x Crinacle Blessing2 Dusk.csv
142,KZ ZEX Pro,Jaytiss,2.060697745231668,1.535255941496757,0.44786979063465915,1.4376901122041312,3.5370282591041504,2.6978922768114835,8.696441347592412,20.0-19955.5,measurements/Jaytiss/data/in-ear/KZ ZEX Pro.csv
143,KZ Krila,Jaytiss,2.0678130225861917,1.5885314822812295,0.8553032897004914,2.0988506062623666,1.3483935779436278,2.9103196028983027,0.5756191578361531,20.0-19955.5,measurements/Jaytiss/data/in-ear/KZ Krila.csv
144,DUNU DK3001 BD,Jaytiss,2.0738740034655194,1.56090039222908,0.4514556352476979,1.5554318492419965,3.9610382168771707,3.568361871556609,3.912678697991676,20.0-19955.5,measurements/Jaytiss/data/in-ear/DUNU DK3001 BD.csv
145,AME Raven KR version,Jaytiss,2.0866315025174473,1.8238634212726885,0.8249222886158417,2.1258909751776125,1.1085545920664979,1.3301969298523377,5.018920250916683,20.0-19955.5,measurements/Jaytiss/data/in-ear/AME Raven KR version.csv
146,7Hz Timeless II,Jaytiss,2.1053223313395706,1.4743537151384873,0.5917205110519035,1.3960795515332443,3.721515174691898,4.538824881634022,6.644322123610428,20.0-19955.5,measurements/Jaytiss/data/in-ear/7Hz Timeless II.csv
147,7Hz Timless II,Jaytiss,2.1053223313395706,1.4743537151384873,0.5917205110519035,1.3960795515332443,3.721515174691898,4.538824881634022,6.644322123610428,20.0-19955.5,measurements/Jaytiss/data/in-ear/7Hz Timless II.csv
148,Moondrop May,Jaytiss,2.107397483114111,1.6506508743407364,0.8453355617997512,1.8353537688454,1.5521131807968371,4.476845829222662,6.2190343752322566,20.0-19955.5,measurements/Jaytiss/data/in-ear/Moondrop May.csv
149,"Fatfreq Grand Maestro (black module, up)",Jaytiss,2.1166690467530627,1.3701998935279436,0.6890366736919208,1.3382865281535232,3.5470805083351276,4.824880461953114,7.670309597444927,20.0-19955.5,"measurements/Jaytiss/data/in-ear/Fatfreq Grand Maestro (black module, up).csv"
150,Simgot Audio ET 142 (short black nozzle),Jaytiss,2.121699563598966,1.6811606927660432,0.6585444850929383,1.8503576854583539,3.14930947165088,3.735813612440462,1.972616819784571,20.0-19955.5,measurements/Jaytiss/data/in-ear/Simgot Audio ET 142 (short black nozzle).csv
151,AFUL Performer 8,Jaytiss,2.125549093674544,1.689294315738572,0.6531383944409072,1.9442350448203296,1.456740290263471,3.8312591615702343,6.111638236528892,20.0-19955.5,measurements/Jaytiss/data/in-ear/AFUL Performer 8.csv
152,NF ACOUS RA05,Jaytiss,2.139190718212864,1.3328571591938803,0.5733481501697392,0.8762241890323399,4.524986713879048,4.975590369845664,8.352577780065298,20.0-19955.5,measurements/Jaytiss/data/in-ear/NF ACOUS RA05.csv
153,Intime Sora Light (2019 Edition),Jaytiss,2.1400623456673897,1.5594875083365825,0.5234538080678184,1.656895345124745,2.709816562140154,4.901526843683244,6.364511169234642,20.0-19955.5,measurements/Jaytiss/data/in-ear/Intime Sora Light (2019 Edition).csv
154,SoftEars RSV,Jaytiss,2.1526912716621713,1.3058886575672728,0.5324922621186834,1.2792455506663278,1.4404504419176984,4.757752970285523,12.685630856196983,20.0-19955.5,measurements/Jaytiss/data/in-ear/SoftEars RSV.csv
155,ZiiGaat Cincotres,Jaytiss,2.1565679071296744,1.546182961672188,0.7943249650281254,1.3700308877445153,5.207889771361145,3.1746843957963673,1.2697255216841814,20.0-19955.5,measurements/Jaytiss/data/in-ear/ZiiGaat Cincotres.csv
156,ZEMPIREAUDIO ZE51B,Jaytiss,2.164256048630859,1.5019783474290698,0.49681885111929813,1.5000674496676754,2.7526901032594164,6.2924676331422145,5.315279438448974,20.0-19955.5,measurements/Jaytiss/data/in-ear/ZEMPIREAUDIO ZE51B.csv
157,Technics EAH-TZ700,Jaytiss,2.170319307842925,1.6806692080685577,0.24037217787867218,1.6579011996402777,4.3169368032798685,3.297684480710839,3.0898519026478595,20.0-19955.5,measurements/Jaytiss/data/in-ear/Technics EAH-TZ700.csv
158,Oriveti OD200,Jaytiss,2.1723620667411616,1.6161872868755167,0.8272394010685097,2.0188493269105394,2.118478545145631,3.5841172722249737,4.685383626457594,20.0-19955.5,measurements/Jaytiss/data/in-ear/Oriveti OD200.csv
159,ThieAudio Monarch MKIII,Jaytiss,2.1927306638240784,1.483018252087393,0.5783081846592747,2.1250501242764286,2.47616429798828,2.3778193489738073,3.367875137404409,20.0-19955.5,measurements/Jaytiss/data/in-ear/ThieAudio Monarch MKIII.csv
160,Kiwi Ears Aether,Jaytiss,2.193308057387313,1.4042100494056122,0.47624422541626954,1.2467140400804095,5.33158958069936,3.8610041035015756,3.095364770168613,20.0-19955.5,measurements/Jaytiss/data/in-ear/Kiwi Ears Aether.csv
161,Truthear Nova,Jaytiss,2.214520958019639,1.7471140260360591,0.7378078564702641,2.164457796784062,2.417486417852253,1.7320599957922247,4.301756260887195,20.0-19955.5,measurements/Jaytiss/data/in-ear/Truthear Nova.csv
162,SoftEars RS10,Jaytiss,2.2170503490771325,1.5262384713706143,0.5790383877827414,1.3202185654888139,2.9353578913899,4.922804072731871,11.038888128988628,20.0-19955.5,measurements/Jaytiss/data/in-ear/SoftEars RS10.csv
163,Truthear Gate,Jaytiss,2.225314061082461,1.4837476087020993,0.6782856087221831,1.5984050825975564,0.7086597889022566,5.716550713673204,10.20532064172588,20.0-19955.5,measurements/Jaytiss/data/in-ear/Truthear Gate.csv
164,MYER-AUDIO CKLVX D62,Jaytiss,2.2265539275621165,1.6737032018664204,0.7607429146876132,1.8905840465739343,3.810094704863857,2.8306947198163352,3.8114275678997256,20.0-19955.5,measurements/Jaytiss/data/in-ear/MYER-AUDIO CKLVX D62.csv
165,HeartField CU8,Jaytiss,2.228965044680453,1.495939821504468,0.6522112932000061,1.8603537181301528,1.7996926274731482,5.097166694412009,6.90670942911248,20.0-19955.5,measurements/Jaytiss/data/in-ear/HeartField CU8.csv
166,Moritz Paradise,Jaytiss,2.2290733662361317,1.5364462191246797,0.5444237795918824,1.375155208839136,4.358145446223962,4.138512565061767,7.906027293855964,20.0-19955.5,measurements/Jaytiss/data/in-ear/Moritz Paradise.csv
167,Moritz Paradise (off-on-off),Jaytiss,2.2290733662361317,1.5364462191246797,0.5444237795918824,1.375155208839136,4.358145446223962,4.138512565061767,7.906027293855964,20.0-19955.5,measurements/Jaytiss/data/in-ear/Moritz Paradise (off-on-off).csv
168,KZ Sonata (off-off-on-on),Jaytiss,2.2373952048343067,1.3856954853055934,0.7301476087955241,1.606293186633436,2.9195843565271407,4.198138009195843,9.816695434474326,20.0-19955.5,measurements/Jaytiss/data/in-ear/KZ Sonata (off-off-on-on).csv
169,AFUL Explorer,Jaytiss,2.241898261093433,1.7757226620609574,0.6455066232240072,2.2766773706229397,1.8648058903171165,1.474569409030562,3.9458882915107054,20.0-19955.5,measurements/Jaytiss/data/in-ear/AFUL Explorer.csv
170,Etymotic ER2SE,Jaytiss,2.2546727941645033,1.7112224761805157,0.8319747450546858,1.8259542856034439,3.187695020157011,5.3451273555668015,2.2421351834222207,20.0-19955.5,measurements/Jaytiss/data/in-ear/Etymotic ER2SE.csv
171,KZ Sonata (on-on-on-on),Jaytiss,2.259933152625523,1.4085332233766192,0.7346356180926443,1.6613116196543074,2.8420109608625355,4.214281613405993,9.761869205280943,20.0-19955.5,measurements/Jaytiss/data/in-ear/KZ Sonata (on-on-on-on).csv
172,KBEAR KB02,Jaytiss,2.263705546671295,1.7000707322554707,0.8175576866127336,2.3316822648323825,1.6262405580670458,2.143273220162818,2.1965007255433795,20.0-19955.5,measurements/Jaytiss/data/in-ear/KBEAR KB02.csv
173,Juzear 41T,Jaytiss,2.2649511777825033,1.568606348014166,0.7621237616955676,1.4470211521673915,4.785029830546646,3.4275536146886583,7.092009312776341,20.0-19955.5,measurements/Jaytiss/data/in-ear/Juzear 41T.csv
174,ZiiGaat Lush,Jaytiss,2.2654823325299485,1.81371013794885,0.683434665557042,1.702059573756668,2.6504466913077014,4.634625624822475,9.159653975505147,20.0-19955.5,measurements/Jaytiss/data/in-ear/ZiiGaat Lush.csv
175,Tanchjim Bunny,Jaytiss,2.2681582273192435,1.724667513832781,0.6180484642057607,1.7484838669041003,3.5254096887653636,4.105078495532771,7.026991639590859,20.0-19955.5,measurements/Jaytiss/data/in-ear/Tanchjim Bunny.csv
176,KZ Sonata (off-off-off-off),Jaytiss,2.271564067370779,1.4431232661575149,0.7449480467034509,1.7030885686075825,3.206023936672061,4.093747954532548,8.7802525449909,20.0-19955.5,measurements/Jaytiss/data/in-ear/KZ Sonata (off-off-off-off).csv
177,Penon Vortex,Jaytiss,2.273424782625201,1.3705929511634931,0.5192378467511446,1.8597114046134107,1.296141358693774,4.545220193716004,9.60699232629584,20.0-19955.5,measurements/Jaytiss/data/in-ear/Penon Vortex.csv
178,Oriveti bleqk Lowmaster,Jaytiss,2.2763738702935,1.7941501428074929,0.6253986216798623,2.0157265104760533,2.0166664759682114,4.5852362543865395,5.902271338398686,20.0-19955.5,measurements/Jaytiss/data/in-ear/Oriveti bleqk Lowmaster.csv
179,Tripowin Olina SE,Jaytiss,2.292621503644055,1.6853334496385821,0.5908720919021387,1.9691018546278192,3.227382522385596,4.0168919289588665,4.64633288490745,20.0-19955.5,measurements/Jaytiss/data/in-ear/Tripowin Olina SE.csv
180,TWISTURA Woodnote (standard nozzle),Jaytiss,2.2950028896610104,1.6165230950534164,0.7780179886365477,1.9226111684724094,1.4927549505241957,4.586434168628885,8.889598964373835,20.0-19955.5,measurements/Jaytiss/data/in-ear/TWISTURA Woodnote (standard nozzle).csv
181,SeeAudio Bravery AE,Jaytiss,2.301727152823903,1.91764028152466,0.6680140990397786,2.048372079631591,3.952438585289876,2.048267190744506,2.0972534801016556,20.0-19955.5,measurements/Jaytiss/data/in-ear/SeeAudio Bravery AE.csv
182,KZ Sonata (on-on-off-off),Jaytiss,2.3077214273276305,1.474439481922482,0.7455830843851007,1.7485516330811508,3.300101137720236,4.081779923860252,8.681700519437495,20.0-19955.5,measurements/Jaytiss/data/in-ear/KZ Sonata (on-on-off-off).csv
183,CCA Rhapsody (off-off-off-off),Jaytiss,2.315670123672151,1.9788068254465807,0.8600968794168218,2.3943029904809214,0.7541138981498163,2.489975368901958,3.737434832567706,20.0-19955.5,measurements/Jaytiss/data/in-ear/CCA Rhapsody (off-off-off-off).csv
184,KZ EDC Pro,Jaytiss,2.3205951720346443,1.7435277953423824,0.6569116160677444,1.8555192172284116,3.487471731428045,4.358244423762258,6.136479777892564,20.0-19955.5,measurements/Jaytiss/data/in-ear/KZ EDC Pro.csv
185,Rose Technics Aurora Ultra,Jaytiss,2.3222130274886443,1.7125128115027097,0.7114915952130122,1.6639303408459938,5.106987149435974,3.3035619197685566,2.340995355392078,20.0-19955.5,measurements/Jaytiss/data/in-ear/Rose Technics Aurora Ultra.csv
186,Simgot Audio EW200,Jaytiss,2.323210750840789,1.9317243978461096,0.8101398156171831,2.3338352790307755,1.5719712283839775,2.8112652968304297,3.9601102931237175,20.0-19955.5,measurements/Jaytiss/data/in-ear/Simgot Audio EW200.csv
187,SymphonyEars Hexad,Jaytiss,2.323569702061013,1.682096693863995,0.372086028296232,1.6344564458677464,4.363600638033859,3.18935047094938,8.18692050755125,20.0-19955.5,measurements/Jaytiss/data/in-ear/SymphonyEars Hexad.csv
188,Dita Audio Project M,Jaytiss,2.34745674736172,1.6460939485319546,0.2702996723608681,1.6801869577277657,3.5208850151792332,6.345323718623037,4.069600598384212,20.0-19955.5,measurements/Jaytiss/data/in-ear/Dita Audio Project M.csv
189,Moondrop Kadenz,Jaytiss,2.3477203027706377,1.7265740496091329,0.6968967834888021,1.8788757255663464,1.4136698699185755,4.879743754800996,10.07026026373007,20.0-19955.5,measurements/Jaytiss/data/in-ear/Moondrop Kadenz.csv
190,CCA Rhapsody (off-off-off-on),Jaytiss,2.347879505519821,2.0140056077662156,0.7691751415558565,2.291107007515252,1.7758925868366213,2.769682919207135,5.761809988678072,20.0-19955.5,measurements/Jaytiss/data/in-ear/CCA Rhapsody (off-off-off-on).csv
191,Juzear 81T,Jaytiss,2.3521300645641765,2.0326640787436885,0.7004717726184386,1.974701269296337,4.023043178429908,3.387179285443899,3.7278922746354515,20.0-19955.5,measurements/Jaytiss/data/in-ear/Juzear 81T.csv
192,tekkusai Lucid,Jaytiss,2.3543208598659757,1.3860484766209042,0.608704089564154,1.4963980885677277,1.5147662092850425,7.871610333788866,7.826275996129882,20.0-19955.5,measurements/Jaytiss/data/in-ear/tekkusai Lucid.csv
193,7th Acoustics Stargazer,Jaytiss,2.3823979353750135,1.670962228665868,0.5331214076332428,1.6423141296082167,4.264646964146444,3.901033084864096,8.747773847462692,20.0-19955.5,measurements/Jaytiss/data/in-ear/7th Acoustics Stargazer.csv
194,ARTTI R1,Jaytiss,2.3959962235094014,1.949752055137372,0.6878791124721505,2.205409166963554,3.2259037020020287,2.6310578569650698,4.963478345211095,20.0-19955.5,measurements/Jaytiss/data/in-ear/ARTTI R1.csv
195,Tin HiFi P1 Max II,Jaytiss,2.4060301392183385,1.6769769584096774,0.6243064197126402,1.7343609113917868,2.828071447997326,5.383708952905401,9.772619520045922,20.0-19955.5,measurements/Jaytiss/data/in-ear/Tin HiFi P1 Max II.csv
196,Kinera Celest Pandamon 2.0,Jaytiss,2.4102638741622693,1.4638396243091545,0.6616312026555409,1.13774452957749,1.9582080679162328,7.3438912043672895,12.58957505017706,20.0-19955.5,measurements/Jaytiss/data/in-ear/Kinera Celest Pandamon 2.0.csv
197,Symphonium Audio Giant,Jaytiss,2.4137545618400074,1.4947528116680688,0.5838297617082969,2.1583303474558595,1.725177459622001,5.442315821082761,5.055457807218919,20.0-19955.5,measurements/Jaytiss/data/in-ear/Symphonium Audio Giant.csv
198,AME Aura,Jaytiss,2.4249338676060317,1.5980478086784116,0.6673011169099509,1.7312932160464436,4.54005380749167,3.086080491861573,8.5606215017535,20.0-19955.5,measurements/Jaytiss/data/in-ear/AME Aura.csv
199,ZiiGaat Nuo,Jaytiss,2.435613271894416,1.7097727596622034,0.7074568940313498,2.5944245121127856,0.8089280167765228,1.0002575787803134,2.9949126385173637,20.0-19955.5,measurements/Jaytiss/data/in-ear/ZiiGaat Nuo.csv
200,AFUL Cantor,Jaytiss,2.4407660023623277,1.9116086893580373,0.2971939394837257,1.678549491121017,4.329657869645192,5.106948614782865,7.11811284198969,20.0-19955.5,measurements/Jaytiss/data/in-ear/AFUL Cantor.csv
201,InAwaken Dawn Ms,Jaytiss,2.4458148849522585,1.8589989425743407,0.7349443436714542,2.400340552679286,0.8709108125304814,3.55064624373346,6.12415223888671,20.0-19955.5,measurements/Jaytiss/data/in-ear/InAwaken Dawn Ms.csv
202,Shuoer EJ07,Jaytiss,2.44787544789565,1.175732270827527,0.701982784147928,0.9134709744986125,4.258393208924639,6.414621143801293,11.763812980423436,20.0-19955.5,measurements/Jaytiss/data/in-ear/Shuoer EJ07.csv
203,Shortbus Audio Fat Earth,Jaytiss,2.4603154468856645,2.0296588248506024,0.27093472452278433,2.0506564934534004,4.063792565991862,4.380577058984629,2.520334094889717,20.0-19955.5,measurements/Jaytiss/data/in-ear/Shortbus Audio Fat Earth.csv
204,ZiiGaat Doscinco,Jaytiss,2.4619542296316856,1.7421538831973244,0.5760701813121784,2.182390437471065,3.828745101812998,3.020693151412152,4.145727539826885,20.0-19955.5,measurements/Jaytiss/data/in-ear/ZiiGaat Doscinco.csv
205,PlusSound Sonora,Jaytiss,2.4734453859623082,1.6366254081350762,0.2733475849284423,1.9275142943472015,4.6979441648293365,4.1495336394558615,2.9349209751887413,20.0-19955.5,measurements/Jaytiss/data/in-ear/PlusSound Sonora.csv
206,Kefine Klanar,Jaytiss,2.4803835106677457,1.9234464933807054,0.5848825973809127,1.9670547207440576,4.619431133144958,3.8599615243863457,3.7692920989726164,20.0-19955.5,measurements/Jaytiss/data/in-ear/Kefine Klanar.csv
207,CVJ Shadowblade,Jaytiss,2.4895799721270673,1.496457844397747,0.5843005151420579,1.9954862156034885,2.3595387683517925,6.133768366469593,7.285871622317271,20.0-19955.5,measurements/Jaytiss/data/in-ear/CVJ Shadowblade.csv
208,Kinera Verdandi,Jaytiss,2.49204692030481,2.0701258683685175,0.7096789059125939,2.236858856667261,2.0954752919135045,4.68086373594374,6.879142238793183,20.0-19955.5,measurements/Jaytiss/data/in-ear/Kinera Verdandi.csv
209,KEFINE Delci,Jaytiss,2.4963554807474586,1.696440940591452,0.48130575569633016,2.066805274338567,4.245651615468928,3.59739308303399,5.0011705881206465,20.0-19955.5,measurements/Jaytiss/data/in-ear/KEFINE Delci.csv
210,Moondrop Blessing 3,Jaytiss,2.5112178145296746,1.8746137260599045,0.620059126643092,2.1923320070906542,2.3791650105618682,4.7905320399686975,7.4032242364176835,20.0-19955.5,measurements/Jaytiss/data/in-ear/Moondrop Blessing 3.csv
211,CCA Rhapsody (off-off-on-on),Jaytiss,2.512986521895641,2.1609504108118536,0.7543426287064919,2.454707898587276,2.2628948631659522,2.689831623921843,5.578640917332255,20.0-19955.5,measurements/Jaytiss/data/in-ear/CCA Rhapsody (off-off-on-on).csv
212,Night Oblivion Butastur (on-off),Jaytiss,2.5229496460961656,1.8487329211877828,0.6652658991198602,1.5765405184563415,6.386220458640106,2.3411101120017643,2.7710255095917717,20.0-19955.5,measurements/Jaytiss/data/in-ear/Night Oblivion Butastur (on-off).csv
213,Noble Audio Knight,Jaytiss,2.52406415428871,1.7044018444398856,0.5862634321558249,1.7489662797069299,2.5806908686911747,6.585354368497177,9.996677905386646,20.0-19955.5,measurements/Jaytiss/data/in-ear/Noble Audio Knight.csv
214,Simgot Audio EW300 DSP,Jaytiss,2.527527385404143,1.839359595766095,0.7425267513047424,1.8857422013050247,1.7319474614811186,7.025011493920285,8.736972203986404,20.0-19955.5,measurements/Jaytiss/data/in-ear/Simgot Audio EW300 DSP.csv
215,CVJ ShadowBlade (black nozzle),Jaytiss,2.5295032931729415,2.015510921179527,0.40491537875044464,2.1131752511827493,2.978301474544165,5.339277605488723,6.4964375051784025,20.0-19955.5,measurements/Jaytiss/data/in-ear/CVJ ShadowBlade (black nozzle).csv
216,Meze Alba,Jaytiss,2.532280705142865,1.8858135039508577,0.5354112791333905,2.0846659635212696,3.945316026216016,3.3401501582435054,7.628939590545097,20.0-19955.5,measurements/Jaytiss/data/in-ear/Meze Alba.csv
217,CCA Rhapsody (on-on-on-on),Jaytiss,2.5430392753131694,2.183776022350846,0.8020927593125372,2.59778038947234,1.8128226306362383,2.2002947094938605,4.1209599413071665,20.0-19955.5,measurements/Jaytiss/data/in-ear/CCA Rhapsody (on-on-on-on).csv
218,Tripowin Kailua,Jaytiss,2.5444261158448387,1.6135864549670482,0.4632236933719968,1.6223899720116073,5.4800574746886905,4.903018368034843,5.056496478169299,20.0-19955.5,measurements/Jaytiss/data/in-ear/Tripowin Kailua.csv
219,"Fatfreq Grand Maestro (bluemodule, down)",Jaytiss,2.5446271257230104,1.7113579722324441,0.6630860773998776,1.736839273358986,4.946395872549172,5.73301354670612,3.5918130248713074,20.0-19955.5,"measurements/Jaytiss/data/in-ear/Fatfreq Grand Maestro (bluemodule, down).csv"
220,Tin HiFi T4 Plus,Jaytiss,2.546054791386365,1.9878629283095057,0.8044981426273924,2.503316491576283,3.06783829128497,2.3411783342461328,1.4618946931257792,20.0-19955.5,measurements/Jaytiss/data/in-ear/Tin HiFi T4 Plus.csv
221,KEFINE Klean,Jaytiss,2.560144809502083,1.840854005157699,0.5638673917167166,2.0576798414679445,3.2766728795972564,4.947256918795306,8.2902132395561,20.0-19955.5,measurements/Jaytiss/data/in-ear/KEFINE Klean.csv
222,Fatfreq x HBB Deuce,Jaytiss,2.5655444946418933,1.9009861301673194,0.6129907672995262,2.2627112926505846,2.431497581364742,4.185105319932942,8.45451420005249,20.0-19955.5,measurements/Jaytiss/data/in-ear/Fatfreq x HBB Deuce.csv
223,SoftEars Twilight,Jaytiss,2.5863152037256603,2.0000111244490015,0.5940635472825395,2.1649953954976,2.9391627339827853,4.030167684817155,9.59049234552988,20.0-19955.5,measurements/Jaytiss/data/in-ear/SoftEars Twilight.csv
224,Unique Melody Jet Black,Jaytiss,2.594336410264273,2.3202833429350007,0.14787342532208017,2.66520209427734,2.3522338269284266,1.4884464194561084,2.4499256582604394,20.0-19955.5,measurements/Jaytiss/data/in-ear/Unique Melody Jet Black.csv
225,SoftEars Volume,Jaytiss,2.612631765969788,2.0297108026797277,0.6093981912300684,2.1742514645897226,3.119504948460385,5.235040054855635,7.4335478911271125,20.0-19955.5,measurements/Jaytiss/data/in-ear/SoftEars Volume.csv
226,Kinera Celest Wyvern Abyss,Jaytiss,2.622939873192862,1.9213328722065395,0.7264840836998868,2.1459041696901333,1.7688266953500207,5.992852686393204,9.41328103991168,20.0-19955.5,measurements/Jaytiss/data/in-ear/Kinera Celest Wyvern Abyss.csv
227,Tanchjim Origin,Jaytiss,2.6305953641101323,2.019036056887923,0.599480659416954,2.1769180090245412,3.7283371633312594,3.943222753528013,8.34358256598551,20.0-19955.5,measurements/Jaytiss/data/in-ear/Tanchjim Origin.csv
228,ND Planet,Jaytiss,2.630656106060158,1.6252391379115416,0.6376448083273463,1.6686077989514925,1.905936486722223,5.422842095333555,15.114979402513042,20.0-19955.5,measurements/Jaytiss/data/in-ear/ND Planet.csv
229,7Hz Aurora,Jaytiss,2.6358421903185287,2.252644225396465,0.8579045059600916,2.659047944436393,2.7037961997025426,1.8529233880570617,2.7771795607568137,20.0-19955.5,measurements/Jaytiss/data/in-ear/7Hz Aurora.csv
230,KZ Z10 Pro 2,Jaytiss,2.6548847458585136,2.01463272222512,0.6967230571714026,2.227678937350379,4.4604611460251595,4.59997064520153,1.418956208672742,20.0-19955.5,measurements/Jaytiss/data/in-ear/KZ Z10 Pro 2.csv
231,Mangird Tea,Jaytiss,2.683691619490499,2.1197728207177815,0.5722556297901384,2.4394205555834976,2.5976078647568466,4.617464059596004,6.803107658442855,20.0-19955.5,measurements/Jaytiss/data/in-ear/Mangird Tea.csv
232,Kinera Celest Phoenixcall,Jaytiss,2.6945028514904363,2.2606641828892458,0.5994040363716576,2.6002695060136576,2.596187848769439,4.471024161220151,1.4558102028522555,20.0-19955.5,measurements/Jaytiss/data/in-ear/Kinera Celest Phoenixcall.csv
233,Truthear x Crinacle Zero Blue 2 (ohm adapter),Jaytiss,2.6954228951791976,2.1152396173368815,0.39222023989817056,2.307673834134115,4.170227666258487,3.219644142906622,6.994382260782131,20.0-19955.5,measurements/Jaytiss/data/in-ear/Truthear x Crinacle Zero Blue 2 (ohm adapter).csv
234,ZiiGaat Cinno,Jaytiss,2.697203021272937,2.0941787741135895,0.5772339956361684,2.3796047390897748,2.142352212350246,5.470369213471855,7.656453366606851,20.0-19955.5,measurements/Jaytiss/data/in-ear/ZiiGaat Cinno.csv
235,Kiwi Ears Septet,Jaytiss,2.714353181981772,1.9379872963926592,0.18212977546589787,1.9523073517600624,5.83423954969866,4.384489513825516,1.823984369337604,20.0-19955.5,measurements/Jaytiss/data/in-ear/Kiwi Ears Septet.csv
236,KZ PRX,Jaytiss,2.738169182679935,1.9498529812736543,0.55823842700773,2.0181705083591552,5.633767673828133,4.572950565643903,2.7878932428584973,20.0-19955.5,measurements/Jaytiss/data/in-ear/KZ PRX.csv
237,Tanchjim Fission Gold,Jaytiss,2.741324635224285,2.116073839477273,0.6640905946409958,2.3922896729389462,3.979707368382725,3.668969523262492,6.598659135685205,20.0-19955.5,measurements/Jaytiss/data/in-ear/Tanchjim Fission Gold.csv
238,KZ ZEX,Jaytiss,2.7440169883540513,2.182339167195799,0.4445597681467516,2.5711257676874304,1.269605205126346,6.023432664720302,4.185138470115507,20.0-19955.5,measurements/Jaytiss/data/in-ear/KZ ZEX.csv
239,CCA Rhapsody (off-on-on-on),Jaytiss,2.7509905121634755,2.348592790500368,0.7113812751926109,2.6286508149918246,3.149099886812431,2.768149148603267,5.735664781224853,20.0-19955.5,measurements/Jaytiss/data/in-ear/CCA Rhapsody (off-on-on-on).csv
240,Shortbus Audio Glamdring,Jaytiss,2.775735816427077,2.3757521359406577,-0.06994976736880079,2.7626845667122675,2.8659333155043294,2.894878394963753,2.5390854335626356,20.0-19955.5,measurements/Jaytiss/data/in-ear/Shortbus Audio Glamdring.csv
241,AFUL MagicOne (foam eartips),Jaytiss,2.7782056308868643,1.9346459324389615,0.48420997953179595,1.922976634702683,5.628638846802935,5.7214956653916875,3.3319395345926006,20.0-19955.5,measurements/Jaytiss/data/in-ear/AFUL MagicOne (foam eartips).csv
242,EPZ 530,Jaytiss,2.7921759754323885,2.3654650855616146,0.6997327835387837,2.4975480087154436,4.182180074440399,4.317352192183786,1.531872822761349,20.0-19955.5,measurements/Jaytiss/data/in-ear/EPZ 530.csv
243,Campfire Audio Axion v2,Jaytiss,2.7924450087809323,2.1438734163697464,0.21499624967638759,2.100223262293102,5.057822875179302,5.009210938952048,6.391285637706908,20.0-19955.5,measurements/Jaytiss/data/in-ear/Campfire Audio Axion v2.csv
244,Shuoer S12 Pro,Jaytiss,2.7928560688416018,2.027568931527337,0.35542004011059214,1.9511737712283737,6.147142638282874,4.5394980314592575,2.14729838608186,20.0-19955.5,measurements/Jaytiss/data/in-ear/Shuoer S12 Pro.csv
245,Penon Fan 2,Jaytiss,2.7946656558625573,2.0866053845002672,0.6033379863329471,2.1367480277850524,5.406914018594436,2.5241163220927,8.113159270626692,20.0-19955.5,measurements/Jaytiss/data/in-ear/Penon Fan 2.csv
246,Shuoer S12 2024,Jaytiss,2.8104915339116285,1.9956281499365265,0.31504809661749883,2.251451968078182,5.440054885402244,2.620561810078523,5.952170924462883,20.0-19955.5,measurements/Jaytiss/data/in-ear/Shuoer S12 2024.csv
247,Simgot Audio EM10,Jaytiss,2.81386274267184,2.1534679673383628,0.5916708234238995,2.2525043186422544,3.2229805929585105,6.168382405250424,8.782169534786998,20.0-19955.5,measurements/Jaytiss/data/in-ear/Simgot Audio EM10.csv
248,7Hz x HBB Elua,Jaytiss,2.8247245374408427,2.339432602947691,0.3965839913162825,2.3359659281350016,4.882145806875684,4.522448572016826,3.8123515266682255,20.0-19955.5,measurements/Jaytiss/data/in-ear/7Hz x HBB Elua.csv
249,Moondrop Harmon,Jaytiss,2.8302247358206407,2.0442458002065576,0.6554684318286598,2.3549733789106373,2.1128200964502795,5.228706905367337,11.50549294351807,20.0-19955.5,measurements/Jaytiss/data/in-ear/Moondrop Harmon.csv
250,CCA Trio,Jaytiss,2.838699996146473,2.193204261800896,0.6168888777993629,2.4805303066364783,4.618503082212616,3.648529357162304,4.126835595787667,20.0-19955.5,measurements/Jaytiss/data/in-ear/CCA Trio.csv
251,Tanchjim 4U (atmophere),Jaytiss,2.8399249408940754,1.9466012541873499,0.45959734398543095,2.1337929703585785,5.035710627895107,4.3251709556682805,8.644712884379382,20.0-19955.5,measurements/Jaytiss/data/in-ear/Tanchjim 4U (atmophere).csv
252,DUNU Kima 2,Jaytiss,2.8401786409390692,2.2606283713246076,0.6360880652254542,2.462608607283335,2.936193066310683,4.846517198993516,9.193911289520182,20.0-19955.5,measurements/Jaytiss/data/in-ear/DUNU Kima 2.csv
253,PULA Anvil 114,Jaytiss,2.843213777351829,2.382183963187604,0.5126136596758876,2.5918160088000572,3.665191639836149,3.7281562421379895,6.226409463791554,20.0-19955.5,measurements/Jaytiss/data/in-ear/PULA Anvil 114.csv
254,Moritz Paradise (on-on-on),Jaytiss,2.8450062733134285,1.860891014648454,0.45523116283254994,1.6199115737647025,5.331206820294336,7.162956777224859,8.58963799334861,20.0-19955.5,measurements/Jaytiss/data/in-ear/Moritz Paradise (on-on-on).csv
255,Tanchjim 4U,Jaytiss,2.865858569097807,1.9656790524357375,0.4626255699156289,2.1736440297741706,5.022326936188164,4.282820860853109,8.780894795348933,20.0-19955.5,measurements/Jaytiss/data/in-ear/Tanchjim 4U.csv
256,Tanchjim 4U (monitoring),Jaytiss,2.865858569097807,1.9656790524357375,0.4626255699156289,2.1736440297741706,5.022326936188164,4.282820860853109,8.780894795348933,20.0-19955.5,measurements/Jaytiss/data/in-ear/Tanchjim 4U (monitoring).csv
257,Simgot Audio ET142 (red circle nozzle),Jaytiss,2.875453635436347,2.06245892483843,0.4597474035115047,2.2008935408223893,2.650093444783063,7.9633120487093025,7.821195762959179,20.0-19955.5,measurements/Jaytiss/data/in-ear/Simgot Audio ET142 (red circle nozzle).csv
258,Tanchjim 4U (pop),Jaytiss,2.8757923223161392,1.9647690044854962,0.4550356280319508,2.1691247981691513,5.1304357022123686,4.344825825914163,8.537535447048317,20.0-19955.5,measurements/Jaytiss/data/in-ear/Tanchjim 4U (pop).csv
259,EPZ Q1 Pro,Jaytiss,2.8869277093819594,2.1918084042619888,0.6646838070802633,2.8241990954481273,3.16720786118927,3.393830841755371,2.960769575737246,20.0-19955.5,measurements/Jaytiss/data/in-ear/EPZ Q1 Pro.csv
260,DUNU Vulkan,Jaytiss,2.890420698751274,1.9499832787659608,0.34798825871964667,1.860443083739301,4.507007776096202,6.204474723782924,11.88341398484283,20.0-19955.5,measurements/Jaytiss/data/in-ear/DUNU Vulkan.csv
261,FlipEars Legion,Jaytiss,2.8970141461162875,2.3392761676743525,0.7864193277684379,2.606738039222592,4.298849133054414,4.021322430097726,3.551842624569931,20.0-19955.5,measurements/Jaytiss/data/in-ear/FlipEars Legion.csv
262,Tanchjim 4U (natural),Jaytiss,2.9007888329759632,1.9724063639716019,0.45184031581704376,2.1904999547920347,5.061806732790018,4.41724482543562,9.002591543150634,20.0-19955.5,measurements/Jaytiss/data/in-ear/Tanchjim 4U (natural).csv
263,Oriolus Isabellae,Jaytiss,2.908042467742926,2.2245523715675386,0.6327375549500677,2.5248577650679533,4.903634733183118,4.077980155307033,1.4952026632904105,20.0-19955.5,measurements/Jaytiss/data/in-ear/Oriolus Isabellae.csv
264,KZ PR3,Jaytiss,2.9103126420948913,2.320008313090413,0.7301283478352463,2.8864175883752363,1.5976441285448404,4.3741063399254,5.154815429661449,20.0-19955.5,measurements/Jaytiss/data/in-ear/KZ PR3.csv
265,Lime Ears Terra,Jaytiss,2.916048072388925,2.019652905553704,0.4461926501258408,2.366962672199129,5.108239982614097,4.1284530176049055,6.310750918600848,20.0-19955.5,measurements/Jaytiss/data/in-ear/Lime Ears Terra.csv
266,Moritz Paradise (off-off-off),Jaytiss,2.9169503056825445,2.066783713680096,0.48315914700671425,1.9609584205195727,5.792585124629072,5.023610489376583,8.546876484370564,20.0-19955.5,measurements/Jaytiss/data/in-ear/Moritz Paradise (off-off-off).csv
267,Moritz Paradise (on-off-on),Jaytiss,2.9196180320975955,1.956311362866262,0.4550246826896613,1.74270863720184,5.630602603307822,6.795934852484617,8.505237976140558,20.0-19955.5,measurements/Jaytiss/data/in-ear/Moritz Paradise (on-off-on).csv
268,Jomo Audio Nautilus,Jaytiss,2.922835757998339,2.4452828497936605,0.8007762005265159,2.8580252247297473,2.670063267248874,4.153185018875342,3.8819849596052967,20.0-19955.5,measurements/Jaytiss/data/in-ear/Jomo Audio Nautilus.csv
269,Yanyin Carmen,Jaytiss,2.932098263607925,2.0657126344239165,0.5502006560418151,2.421451063418855,1.2848372311601706,7.413536346708254,9.347320639960206,20.0-19955.5,measurements/Jaytiss/data/in-ear/Yanyin Carmen.csv
270,Truthear x Crinacle Zero Blue 2,Jaytiss,2.938476446465529,2.1955338872556625,0.3910861638615959,2.548354379456759,4.81000546836177,3.032804660895079,6.263880238474109,20.0-19955.5,measurements/Jaytiss/data/in-ear/Truthear x Crinacle Zero Blue 2.csv
271,NiceHCK F1 Pro,Jaytiss,2.939137512220173,2.0300363055477417,0.43180994448444443,1.9351825470636723,7.0891145389848145,3.7371745142939474,1.5921777031919784,20.0-19955.5,measurements/Jaytiss/data/in-ear/NiceHCK F1 Pro.csv
272,"Fatfreq Grand Maestro (black module, down)",Jaytiss,2.949466838620481,2.2888270196977514,0.6604907914159028,2.2067153181420536,5.533093402522415,5.924511909619369,3.20392372403388,20.0-19955.5,"measurements/Jaytiss/data/in-ear/Fatfreq Grand Maestro (black module, down).csv"
273,Moritz Paradise (on-off-off),Jaytiss,2.9567524155371276,2.008406581438197,0.458870078694571,1.82255429240652,5.765264688512392,6.49916332332838,8.488901184392827,20.0-19955.5,measurements/Jaytiss/data/in-ear/Moritz Paradise (on-off-off).csv
274,Kinera Celest Plutus Beast,Jaytiss,2.9651304736247686,2.494712199460821,0.8081232167712221,2.731223343093422,3.0456237556208348,2.853483603937723,9.723107733042744,20.0-19955.5,measurements/Jaytiss/data/in-ear/Kinera Celest Plutus Beast.csv
275,Simgot Audio EA1000 (red nozzle),Jaytiss,2.972214273229483,2.378383662606766,0.6633779970663688,2.883755389541742,2.9134099476317723,2.79242403220382,6.978667722856263,20.0-19955.5,measurements/Jaytiss/data/in-ear/Simgot Audio EA1000 (red nozzle).csv
276,Sivga Que,Jaytiss,2.9750171055111823,2.188386499296752,0.6774478761133915,2.9061057509575607,3.351257261964184,3.7281381019964566,1.0886026709473262,20.0-19955.5,measurements/Jaytiss/data/in-ear/Sivga Que.csv
277,Moritz Paradise (on-on-off),Jaytiss,2.984808418502888,2.031279376032186,0.45547532146745245,1.8553776011661252,5.824172709917538,6.530464058914952,8.40340291059989,20.0-19955.5,measurements/Jaytiss/data/in-ear/Moritz Paradise (on-on-off).csv
278,Tin HiFi DUDU,Jaytiss,2.9853582086422294,2.3742753275936983,0.8249694085437409,3.1195678330184964,1.7025072569968016,2.5355571923970595,2.8386980206070005,20.0-19955.5,measurements/Jaytiss/data/in-ear/Tin HiFi DUDU.csv
279,Moritz Paradise (off-on-on),Jaytiss,3.009640755797989,2.0599559253637554,0.4564800861824519,1.8968992021571633,5.905024103604219,6.409543824104024,8.365650030982511,20.0-19955.5,measurements/Jaytiss/data/in-ear/Moritz Paradise (off-on-on).csv
280,Fir Audio Radon 6 (red module),Jaytiss,3.0129419281357985,2.1529156180450624,0.3173826675328385,2.4578713415673867,5.3592807538726435,4.795473391388773,4.055639920175005,20.0-19955.5,measurements/Jaytiss/data/in-ear/Fir Audio Radon 6 (red module).csv
281,Moondrop ILLUSTRIOUS,Jaytiss,3.0210071977597592,2.2635151828985194,0.5666077036808935,2.4723038438182408,3.9149318829411413,5.518490073984791,9.51784372712555,20.0-19955.5,measurements/Jaytiss/data/in-ear/Moondrop ILLUSTRIOUS.csv
282,Simgot Audio EM6L,Jaytiss,3.023686330703041,2.34698611127895,0.6840798176656699,2.905471555298903,3.6079632309441108,4.047687290563258,1.598658487937032,20.0-19955.5,measurements/Jaytiss/data/in-ear/Simgot Audio EM6L.csv
283,DUNU Glacier,Jaytiss,3.032213409839274,2.298787950951283,0.5328664651239267,2.489194072524353,4.965766102773502,4.427840512829409,7.520373186929545,20.0-19955.5,measurements/Jaytiss/data/in-ear/DUNU Glacier.csv
284,CCA Hydro (on-on-off-off),Jaytiss,3.036304532207404,2.4504887721797024,0.6556030766347118,2.8131461402215545,4.297175822684945,3.528291171329456,3.9296029749370827,20.0-19955.5,measurements/Jaytiss/data/in-ear/CCA Hydro (on-on-off-off).csv
285,Rose Technics Star City 5,Jaytiss,3.05797784301333,2.3051386014323882,0.8769805528265086,3.1348240456043763,2.7035167361126247,2.616627267597979,1.2491360208216171,20.0-19955.5,measurements/Jaytiss/data/in-ear/Rose Technics Star City 5.csv
286,BASN Mix-PD,Jaytiss,3.063712744493195,2.5680235010626355,0.8319599049005952,3.0237291323325306,2.81883593403562,3.6038347143122467,4.922034010024203,20.0-19955.5,measurements/Jaytiss/data/in-ear/BASN Mix-PD.csv
287,Nightjar Duality (switch back),Jaytiss,3.0934998191378416,2.4266000850648255,0.7184935098466944,3.0086559541112545,3.7175204907538637,3.4846911137783203,1.8657703354987014,20.0-19955.5,measurements/Jaytiss/data/in-ear/Nightjar Duality (switch back).csv
288,Simgot Audio EA500LM,Jaytiss,3.0968174738546463,2.4498354036216523,0.6483037338321788,2.9394299850243373,3.8892335454517006,3.5113445430003436,4.659359563513086,20.0-19955.5,measurements/Jaytiss/data/in-ear/Simgot Audio EA500LM.csv
289,Fatfreq x Effect Audio Quantum,Jaytiss,3.103108305902949,2.667278149797006,0.6987624269798809,2.8020650192425083,4.672677129444364,4.458230135954798,1.3580923756638275,20.0-19955.5,measurements/Jaytiss/data/in-ear/Fatfreq x Effect Audio Quantum.csv
290,Moritz Paradise (off-off-on),Jaytiss,3.12274953733069,2.179395737839561,0.45924957397725963,2.080408296390162,6.201469797103946,5.950844735232522,8.224075899840823,20.0-19955.5,measurements/Jaytiss/data/in-ear/Moritz Paradise (off-off-on).csv
291,Tin HiFi T2 MKII,Jaytiss,3.181617640041289,2.5789965451206975,0.11500609389141578,3.107835660633059,3.7761675238114196,3.2685464385512395,2.819484021857434,20.0-19955.5,measurements/Jaytiss/data/in-ear/Tin HiFi T2 MKII.csv
292,Truthear Hola,Jaytiss,3.186514753572286,1.6187001192566517,0.6687526966000922,0.9258540256885428,8.028128875192607,8.602176720126124,2.5703537275115975,20.0-19955.5,measurements/Jaytiss/data/in-ear/Truthear Hola.csv
293,Campfire Audio Alien Brain,Jaytiss,3.20207449459336,2.409428608111301,0.514352023690635,2.757581488023715,3.5206557237684466,6.579361556912134,7.722023666853794,20.0-19955.5,measurements/Jaytiss/data/in-ear/Campfire Audio Alien Brain.csv
294,Custom Art Fibae 5,Jaytiss,3.2043702819498607,2.115802572736186,0.12069519952201944,1.943833890590981,8.377712944796821,2.1835873046821823,2.8615686226495582,20.0-19955.5,measurements/Jaytiss/data/in-ear/Custom Art Fibae 5.csv
295,CVJ ShadowBlade (gold nozzle),Jaytiss,3.2253622473463888,2.189667157393877,0.6349816618011828,2.851853617759363,2.1456873749345706,6.954501352495009,8.819928902832492,20.0-19955.5,measurements/Jaytiss/data/in-ear/CVJ ShadowBlade (gold nozzle).csv
296,Kiwi Ears Melody,Jaytiss,3.2265731276990404,2.336534729096309,0.5028911921576763,3.12966414935986,4.196783590838577,2.917689826882154,1.8626317943146171,20.0-19955.5,measurements/Jaytiss/data/in-ear/Kiwi Ears Melody.csv
297,Fatfreq Maestro Mini,Jaytiss,3.2334090587023265,2.3207823540336974,0.5883737906142457,3.26074494488237,2.8586947728287733,3.726160892559872,2.135408161624147,20.0-19955.5,measurements/Jaytiss/data/in-ear/Fatfreq Maestro Mini.csv
298,Kinera Celest Wyvern Qing,Jaytiss,3.2430785796903874,2.5077773907566554,0.718169107328802,2.6730518698283627,1.81000186103483,7.500832271983961,11.6320667966725,20.0-19955.5,measurements/Jaytiss/data/in-ear/Kinera Celest Wyvern Qing.csv
299,Shuoer Dx1,Jaytiss,3.262302460100022,2.004916799947397,0.3713353145540994,2.355604674347024,1.1692312329694088,8.041875942935285,15.365295723041461,20.0-19955.5,measurements/Jaytiss/data/in-ear/Shuoer Dx1.csv
300,Fir Audio Radon 6 (gold module),Jaytiss,3.2740228395656,2.2918606196741194,0.29591457488749806,2.6254532519180978,6.319485531364533,4.298405781332964,4.343310835371503,20.0-19955.5,measurements/Jaytiss/data/in-ear/Fir Audio Radon 6 (gold module).csv
301,Fir Audio Radon 6 (silver module),Jaytiss,3.2815687421140685,2.3260802652435393,0.30412511705083517,2.6660209811295617,6.199604640258291,4.33500339388131,4.328791571314808,20.0-19955.5,measurements/Jaytiss/data/in-ear/Fir Audio Radon 6 (silver module).csv
302,Nightjar Duality,Jaytiss,3.284466063138871,2.6903040182458993,0.7593536909206274,3.115184260080874,4.094832256827496,4.674398245612584,1.0474823748122184,20.0-19955.5,measurements/Jaytiss/data/in-ear/Nightjar Duality.csv
303,Fir Audio Radon 6 (black module),Jaytiss,3.290712294353777,2.3004758341152223,0.2795361470992184,2.623994408442909,6.386058603471754,4.394338045272717,4.336994544419165,20.0-19955.5,measurements/Jaytiss/data/in-ear/Fir Audio Radon 6 (black module).csv
304,EPZ Q5,Jaytiss,3.297894046168726,2.3000236868772452,0.6073423175964164,3.45407760242237,2.2838576538347595,2.357858886525252,1.1282586126167728,20.0-19955.5,measurements/Jaytiss/data/in-ear/EPZ Q5.csv
305,DUNU SA6 MK2,Jaytiss,3.299629126083716,2.7255340522701754,0.7134772402894539,2.47510055273412,5.782335432580238,7.096040757305163,5.097235301645817,20.0-19955.5,measurements/Jaytiss/data/in-ear/DUNU SA6 MK2.csv
306,Oriveti Dynabird,Jaytiss,3.3124177909815185,2.4908185606080044,0.5131249066245146,2.2539335990359564,6.190502391524977,5.235922374777394,11.821849882080185,20.0-19955.5,measurements/Jaytiss/data/in-ear/Oriveti Dynabird.csv
307,TWISTURA Woodnote (instrumental nozzle),Jaytiss,3.3193645856855336,2.5880926933005153,0.7706841399512645,3.119901207143072,1.6247676853998396,5.117107224240969,10.375659066366339,20.0-19955.5,measurements/Jaytiss/data/in-ear/TWISTURA Woodnote (instrumental nozzle).csv
308,TWISTURA Woodnote (vocal nozzle),Jaytiss,3.322769880626482,2.5776028026519824,0.7812250801652546,3.1705630614556344,1.441368413739263,4.912179837422787,9.972014382057662,20.0-19955.5,measurements/Jaytiss/data/in-ear/TWISTURA Woodnote (vocal nozzle).csv
309,ISN AUDIO EBC80,Jaytiss,3.3228346345171875,2.8282534261990504,0.3552481740509532,3.1277348661786837,4.539682175711043,3.6466504041366936,3.8728243899991956,20.0-19955.5,measurements/Jaytiss/data/in-ear/ISN AUDIO EBC80.csv
310,AME Gaia,Jaytiss,3.392861295329738,2.8949096504044056,0.804120590980958,3.301055695266198,2.2804757977999626,6.346456276845638,2.108683198104682,20.0-19955.5,measurements/Jaytiss/data/in-ear/AME Gaia.csv
311,DUNU Titan S2,Jaytiss,3.451962974461039,2.5835538601067554,0.4468496808140301,3.190631158764671,4.569498526670024,3.366661643305265,7.803244227041532,20.0-19955.5,measurements/Jaytiss/data/in-ear/DUNU Titan S2.csv
312,Moondrop Stellaris,Jaytiss,3.459931183351621,2.7883447685575518,0.6805658642707748,3.344865779366871,3.4037589142294786,4.395354259577909,6.483531232877943,20.0-19955.5,measurements/Jaytiss/data/in-ear/Moondrop Stellaris.csv
313,Moritz Dragon,Jaytiss,3.4636426542868697,2.573191786214713,0.5381318506194908,3.2870490599614155,4.947444697835362,3.2811406451401375,1.1824405122046784,20.0-19955.5,measurements/Jaytiss/data/in-ear/Moritz Dragon.csv
314,Kinera Celest Relentless,Jaytiss,3.508517814585566,2.8790221408000485,0.44867052365177484,2.889352389494724,5.549508020793498,6.787547538667091,4.883852180846952,20.0-19955.5,measurements/Jaytiss/data/in-ear/Kinera Celest Relentless.csv
315,NiceHCK DB2,Jaytiss,3.5130066896252607,2.8595033310269744,0.7132030010005114,3.122397159090235,3.599611049078405,5.446555999391779,10.987291180587222,20.0-19955.5,measurements/Jaytiss/data/in-ear/NiceHCK DB2.csv
316,Kiwi Ears Canta,Jaytiss,3.5143151183366768,2.616681849674337,0.671105627111042,3.209801922187637,4.88882340795481,5.551451403485649,0.42571490253931343,20.0-19955.5,measurements/Jaytiss/data/in-ear/Kiwi Ears Canta.csv
317,CCA CRA PRO,Jaytiss,3.515751022768282,2.711282949724705,0.5508534648575666,3.0059107305280093,6.078824986602264,5.056326435892606,2.0503134183927614,20.0-19955.5,measurements/Jaytiss/data/in-ear/CCA CRA PRO.csv
318,Kontinum Ulim,Jaytiss,3.527200943077905,2.711603065735713,0.5962486629411882,3.512674519251415,3.1410747292191976,3.5716936030660293,6.100575997528049,20.0-19955.5,measurements/Jaytiss/data/in-ear/Kontinum Ulim.csv
319,ZiiGaat Arcanis,Jaytiss,3.531494638742514,2.6344116054466986,0.7041548857162486,2.8944822830851122,7.243580016211156,1.3745640382267224,4.252305651760715,20.0-19955.5,measurements/Jaytiss/data/in-ear/ZiiGaat Arcanis.csv
320,Empire Ears Triton,Jaytiss,3.5697956225803664,2.4495554301441977,0.5779818187945838,2.218720569799037,6.155754215151289,8.33596789036622,12.337573878032607,20.0-19955.5,measurements/Jaytiss/data/in-ear/Empire Ears Triton.csv
321,Campfire Audio Astrolith,Jaytiss,3.5711647191481544,2.570184221827663,-0.19664768451545955,2.9796092280098527,5.831264960328126,6.6418514859513085,2.448442880567561,20.0-19955.5,measurements/Jaytiss/data/in-ear/Campfire Audio Astrolith.csv
322,EPZ x Tipsy Star & One,Jaytiss,3.5821518575436437,2.8061979529288985,0.654328493456784,3.255594832409011,1.7491366762501612,6.082630561055685,12.346972543095811,20.0-19955.5,measurements/Jaytiss/data/in-ear/EPZ x Tipsy Star & One.csv
323,Plunge Audio Unity IEM,Jaytiss,3.6005092434468358,2.6646704295145174,0.23345084519953124,3.0829530586330813,5.864702448275563,2.8549989692413957,9.798794852237874,20.0-19955.5,measurements/Jaytiss/data/in-ear/Plunge Audio Unity IEM.csv
324,ELISE AUDIO x Kinera Dark Phoenix,Jaytiss,3.603519849304879,3.1840898239107758,0.6820912199488619,3.6751184675616417,2.6490511404378245,4.28797250969121,2.346103583013728,20.0-19955.5,measurements/Jaytiss/data/in-ear/ELISE AUDIO x Kinera Dark Phoenix.csv
325,Aroma Audio Fei Wan,Jaytiss,3.606815999655214,2.8694083759376374,0.5327370391257198,2.876594830925937,6.721435101502479,5.889992831766406,3.619763735128334,20.0-19955.5,measurements/Jaytiss/data/in-ear/Aroma Audio Fei Wan.csv
326,Dita Audio Mecha,Jaytiss,3.6363686795007704,3.1223124682573467,0.7825308632673494,3.664464450733523,3.2156154301751156,3.9186756500755036,3.771049755144928,20.0-19955.5,measurements/Jaytiss/data/in-ear/Dita Audio Mecha.csv
327,Simgot Audio EA1000 (black nozzle),Jaytiss,3.651944925264433,2.987581567785145,0.6409785829925223,3.5828682662991884,4.106246258790898,2.963117068290577,5.8986036417388075,20.0-19955.5,measurements/Jaytiss/data/in-ear/Simgot Audio EA1000 (black nozzle).csv
328,FiiO JD10,Jaytiss,3.688891319644745,2.9435338649451626,0.775319206241108,3.570877681237034,2.562441827630386,6.12721467777665,6.605612969712675,20.0-19955.5,measurements/Jaytiss/data/in-ear/FiiO JD10.csv
329,Tanchjim HANA 2021,Jaytiss,3.7109721158346067,3.0648900810491,0.5679704433538699,3.371571097446441,4.729271206500445,4.6508305726361225,9.032345501472216,20.0-19955.5,measurements/Jaytiss/data/in-ear/Tanchjim HANA 2021.csv
330,Kiwi Ears Dolce,Jaytiss,3.729454991244049,2.8068815663849014,0.5044433659250743,3.4982297532442974,5.244544212553996,4.37231077589207,2.3042801814645357,20.0-19955.5,measurements/Jaytiss/data/in-ear/Kiwi Ears Dolce.csv
331,AME Mousa,Jaytiss,3.7381820413308118,2.7915767976772825,0.40929204784084205,3.29600623739546,5.996171454360459,5.274207926939734,3.011616624336559,20.0-19955.5,measurements/Jaytiss/data/in-ear/AME Mousa.csv
332,BASN Metalen,Jaytiss,3.763232921147874,2.804963988764098,0.5498583668703739,3.474151567901905,5.181429354573376,5.481570809847109,2.221992531228826,20.0-19955.5,measurements/Jaytiss/data/in-ear/BASN Metalen.csv
333,7Hz G1,Jaytiss,3.7798032074260286,2.787085849079628,0.4007569023710913,3.2713628518799056,6.6881751998227745,4.602464730101577,0.592003004187865,20.0-19955.5,measurements/Jaytiss/data/in-ear/7Hz G1.csv
334,FlipEars Aegis,Jaytiss,3.780469619981051,2.9651815402586035,0.639589141225651,3.716219366357554,1.9637286085903614,5.232865936875209,8.969577327528446,20.0-19955.5,measurements/Jaytiss/data/in-ear/FlipEars Aegis.csv
335,Craft Ears Omnium,Jaytiss,3.78489070948335,3.4217714789562192,0.8338177904623667,3.7831248772891213,1.8207611744825398,6.218620529279879,4.155166173231433,20.0-19955.5,measurements/Jaytiss/data/in-ear/Craft Ears Omnium.csv
336,Moondrop Starfield 2,Jaytiss,3.796569036715024,2.996448171293011,0.6604095727340776,3.8089824697585946,2.9496896321029284,3.708310326298679,7.267650910985737,20.0-19955.5,measurements/Jaytiss/data/in-ear/Moondrop Starfield 2.csv
337,Noble Audio Chronicle,Jaytiss,3.8080526239621504,3.23055465001442,-0.0003079877777190152,3.972318704923451,2.4723790761298665,2.5189391616001005,4.4518659652954975,20.0-19955.5,measurements/Jaytiss/data/in-ear/Noble Audio Chronicle.csv
338,Rose Technics QuietSea,Jaytiss,3.8807337039555243,3.0782859498509105,0.6179340696028006,3.7879394730054323,3.947123317967229,4.671633258565386,5.970166379414075,20.0-19955.5,measurements/Jaytiss/data/in-ear/Rose Technics QuietSea.csv
339,Tipsy Spica 260,Jaytiss,3.9602111937350464,2.770632524284619,0.27178038417916706,2.944057342914282,8.267939012765996,4.857733605856802,7.610640967310681,20.0-19955.5,measurements/Jaytiss/data/in-ear/Tipsy Spica 260.csv
340,EPZ Q5 v2,Jaytiss,3.9773985336651445,2.8780813303882775,0.4183735641273507,3.6131827303842394,6.328358695646186,3.5464716488117114,5.244924152581453,20.0-19955.5,measurements/Jaytiss/data/in-ear/EPZ Q5 v2.csv
341,Campfire Audio Bonneville,Jaytiss,4.015906012616965,3.174538911375689,-0.5015595693102116,3.556727419426564,6.496124147982697,4.658674635453989,5.649050125596859,20.0-19955.5,measurements/Jaytiss/data/in-ear/Campfire Audio Bonneville.csv
342,KZ ZA12 (on-on-off-off),Jaytiss,4.071215204998733,3.5324056201323297,0.6822894967109726,3.723949734708414,6.184768380530572,5.025127503267925,2.104706233647257,20.0-19955.5,measurements/Jaytiss/data/in-ear/KZ ZA12 (on-on-off-off).csv
343,Hidizs ST2 Nebula,Jaytiss,4.154856320051414,2.9605401099269666,0.3290274566158769,3.3421561159654973,7.156836698384262,7.976843276804019,3.494290586658988,20.0-19955.5,measurements/Jaytiss/data/in-ear/Hidizs ST2 Nebula.csv
344,HeartField Blanc,Jaytiss,4.167664534263839,2.70213598187598,-0.05351515825521355,3.164760488185985,8.7767676724341,5.854760930530867,0.6473423889409196,20.0-19955.5,measurements/Jaytiss/data/in-ear/HeartField Blanc.csv
345,Fir Audio e10,Jaytiss,4.2663014385438265,3.18988927936926,0.23816908499630962,3.7162950020107264,6.749834819100922,5.590515128680421,7.729254071427166,20.0-19955.5,measurements/Jaytiss/data/in-ear/Fir Audio e10.csv
346,KZ Symphony,Jaytiss,4.402331741300654,3.392439804584497,0.539260656375391,3.827844390901365,3.4396687783149362,9.720939917503737,11.7928245500607,20.0-19955.5,measurements/Jaytiss/data/in-ear/KZ Symphony.csv
347,Hidizs MS3,Jaytiss,4.406247873159786,3.587476799079924,0.5467648732485652,3.8346922089671565,7.087817661945178,6.825722911274074,3.1539176530319457,20.0-19955.5,measurements/Jaytiss/data/in-ear/Hidizs MS3.csv
348,FiiO FP3,Jaytiss,4.410019035343495,3.0763306924673515,0.4356317787010215,3.2185111114998155,7.571595903330641,8.401101883847375,12.877219846522996,20.0-19955.5,measurements/Jaytiss/data/in-ear/FiiO FP3.csv
349,NF ACOUS RA15 (gold nozzle),Jaytiss,4.451718074344952,2.9743608681682416,0.23834917580274625,3.9117803539963427,7.501928753274846,4.818147987066945,5.7950276614924485,20.0-19955.5,measurements/Jaytiss/data/in-ear/NF ACOUS RA15 (gold nozzle).csv
350,TRN Medusa,Jaytiss,4.451903339888119,3.6455418597275413,0.6698489778612657,4.445721473505775,4.598290672732898,4.468613731407777,3.618834511883306,20.0-19955.5,measurements/Jaytiss/data/in-ear/TRN Medusa.csv
351,Dita Audio Dream XLS,Jaytiss,4.618851498294647,3.5876035348925956,-0.0007296514953868059,3.9887929337582304,7.130506338940305,5.789204877799756,10.833164576115314,20.0-19955.5,measurements/Jaytiss/data/in-ear/Dita Audio Dream XLS.csv
352,Juzear Clear,Jaytiss,4.633145521614016,3.339714520489452,0.41072636670299145,4.576899028204595,5.147965774810229,4.417503892490665,4.937218465756393,20.0-19955.5,measurements/Jaytiss/data/in-ear/Juzear Clear.csv
353,Campfire Audio Trifecta,Jaytiss,4.686564082159097,3.413488389680877,0.4335626947322039,4.164197090392016,7.806022441152114,4.992390315240263,5.056860334396544,20.0-19955.5,measurements/Jaytiss/data/in-ear/Campfire Audio Trifecta.csv
354,KZ ZA12 (off-off-off-off),Jaytiss,4.705914497607429,4.056714393185741,0.641228164704396,4.287821977418225,7.366623865424577,5.534171225230834,1.4259841175033283,20.0-19955.5,measurements/Jaytiss/data/in-ear/KZ ZA12 (off-off-off-off).csv
355,EarAcoustic Audio SPA Hi-End Max,Jaytiss,4.720781186647199,3.638837959557544,0.501452453785494,4.435659239838031,6.21326204468128,6.304261082621532,3.857193631556653,20.0-19955.5,measurements/Jaytiss/data/in-ear/EarAcoustic Audio SPA Hi-End Max.csv
356,Fir Audio e12,Jaytiss,4.749102833308088,3.67776957834459,0.6147481410516502,4.852367166710511,3.6268213189894847,5.456598760739588,1.9531363950353269,20.0-19955.5,measurements/Jaytiss/data/in-ear/Fir Audio e12.csv
357,SoftEars Studio 2,Jaytiss,4.901099423550533,3.9512469773301397,0.5523034420641114,4.749568797226514,5.33238444293054,5.419970745196381,8.333423321403673,20.0-19955.5,measurements/Jaytiss/data/in-ear/SoftEars Studio 2.csv
358,INTUAURA SplendorII,Jaytiss,4.947711183122708,3.8974049512087467,0.5420305681347442,4.675299813206921,6.942606274618644,5.141527028580483,3.6825698757519363,20.0-19955.5,measurements/Jaytiss/data/in-ear/INTUAURA SplendorII.csv
359,ND 001 Nano,Jaytiss,4.995922707522175,4.153179921815533,-0.011159594411317027,5.051644607953189,4.798096016689813,4.817943081914022,2.900725990032456,20.0-19955.5,measurements/Jaytiss/data/in-ear/ND 001 Nano.csv
360,7Hz Five,Jaytiss,5.016118685972477,4.223347467232369,0.5807044365608645,4.442907118465873,8.272919382114962,6.083474264249344,4.468272420378794,20.0-19955.5,measurements/Jaytiss/data/in-ear/7Hz Five.csv
361,Tipsy Dunmer Pro 4,Jaytiss,5.034529982626171,4.224910297299296,0.6711980844069915,4.906703386190259,5.398401161689501,5.960914823860914,6.855862269571002,20.0-19955.5,measurements/Jaytiss/data/in-ear/Tipsy Dunmer Pro 4.csv
362,ND X12,Jaytiss,5.085779540232835,4.18377968978293,0.6423853372879336,5.10097699152794,4.075992629782467,5.1971260914871475,8.981631820274192,20.0-19955.5,measurements/Jaytiss/data/in-ear/ND X12.csv
363,Kiwi Ears Forteza,Jaytiss,5.117106158791077,4.351727657367921,0.47707038005155683,4.47512869528092,8.4545216585796,6.696169847319145,5.6506429622763275,20.0-19955.5,measurements/Jaytiss/data/in-ear/Kiwi Ears Forteza.csv
364,FiiO JD1,Jaytiss,5.124418434924648,4.059844650404249,0.7253571900469574,5.37302501706287,2.706725369963248,4.71705679653198,3.021036095631017,20.0-19955.5,measurements/Jaytiss/data/in-ear/FiiO JD1.csv
365,NF Audio NA2+,Jaytiss,5.125190132666704,3.9581407033354585,0.5264790939654729,5.1283819220276685,5.3105275874615385,5.252347563722001,2.333956520070402,20.0-19955.5,measurements/Jaytiss/data/in-ear/NF Audio NA2+.csv
366,Moondrop Aria,Jaytiss,5.145358106161221,4.125536067949097,0.7228698254517618,5.41304775449055,2.7525574656895957,3.4070259630717366,5.51680774463888,20.0-19955.5,measurements/Jaytiss/data/in-ear/Moondrop Aria.csv
367,KZ ZA12 (on-on-on-on),Jaytiss,5.231821961064169,4.509697019952675,0.6188725764162869,4.769408802213332,8.174490173402049,6.215446372631431,0.5835624789704793,20.0-19955.5,measurements/Jaytiss/data/in-ear/KZ ZA12 (on-on-on-on).csv
368,KZ ZA12 (off-off-on-on),Jaytiss,5.324945021373146,4.606608938420649,0.6278971682427498,4.855185378533409,8.247984241364858,6.5161063415678635,0.8131919294950841,20.0-19955.5,measurements/Jaytiss/data/in-ear/KZ ZA12 (off-off-on-on).csv
369,Rhapsodio Return,Jaytiss,5.338919180119571,3.128496842437977,0.6750057586158027,2.744302869578679,10.407404739203605,12.131531223086125,20.50291785238779,20.0-19955.5,measurements/Jaytiss/data/in-ear/Rhapsodio Return.csv
370,Symphonium Audio Meteor,Jaytiss,5.427344649479786,4.317040457476233,0.5849102086428931,4.987849615676622,8.581689580166927,4.448479952370338,5.712697931183891,20.0-19955.5,measurements/Jaytiss/data/in-ear/Symphonium Audio Meteor.csv
371,Tanchjim Mino,Jaytiss,5.4620881662204255,4.091865397038674,0.4216122908392665,4.642130895193926,7.6691848039007215,7.850565149391429,15.902673853795893,20.0-19955.5,measurements/Jaytiss/data/in-ear/Tanchjim Mino.csv
372,Oriveti OD100,Jaytiss,5.487961763008957,4.322984753421267,0.529669103333897,5.415403778307064,5.976402733234914,4.613342661910548,8.321125518618192,20.0-19955.5,measurements/Jaytiss/data/in-ear/Oriveti OD100.csv
373,NF ACOUS RA15 (silver nozzle),Jaytiss,5.543190486430696,4.006229320877879,0.3098428371947947,5.143611709554572,8.48745030116242,5.081746755315885,4.42531749720959,20.0-19955.5,measurements/Jaytiss/data/in-ear/NF ACOUS RA15 (silver nozzle).csv
374,NF Audio NA20,Jaytiss,5.8949092562633085,4.215174548685018,0.18142343779045558,5.283525126174873,9.592653330092702,7.081497861004755,2.5525486172625236,20.0-19955.5,measurements/Jaytiss/data/in-ear/NF Audio NA20.csv
375,TFZ x Angelears Athena,Jaytiss,6.041872698396169,4.369339138656268,0.23158457555166323,5.587695675208793,9.297406001531831,5.998460442014758,3.6317708517825116,20.0-19955.5,measurements/Jaytiss/data/in-ear/TFZ x Angelears Athena.csv
376,NF ACOUS RG15 x Assassin's Creed Mirage,Jaytiss,6.108649128346165,4.56680645791911,0.298309181482246,5.577429158785086,9.716624014915766,6.09852105464645,4.4889525360625635,20.0-19955.5,measurements/Jaytiss/data/in-ear/NF ACOUS RG15 x Assassin's Creed Mirage.csv
377,NF ACOUS NM20,Jaytiss,6.82261866482365,5.1179060992990175,0.2813402498628532,6.468543282188889,9.593234161819987,6.764175144616145,4.4171527651319025,20.0-19955.5,measurements/Jaytiss/data/in-ear/NF ACOUS NM20.csv
