target,huber_tuning_constant,huber_scale_factor,huber_scale_floor_db,huber_residual_epsilon,confidence_weighting,cross_iem_mad_median_db,huber_scale_median_db,huber_downweighted_point_fraction,alignment_uncertainty_median_db,alignment_uncertainty_max_db,stability_score,repeatability_floor_median_db,mask_abs_max_db,mask_rms_db,adaptive_handoff_status,adaptive_handoff_hz,adaptive_endpoint_hz,adaptive_transition_octaves
IEF2025.txt,1.345,1.4826,0.15,1e-12,1 / (1 + uncertainty),0.982981143987459,1.4573678440758067,1.0,0.8440737798955809,0.844073779895588,0.3537249989563244,0.0,6.797902302440225,1.2932470587711111,HANDOFF_ACCEPTED,1261.648894259477,1261.648894259477,0.3353104768919842
JM-1_5128.txt,1.345,1.4826,0.15,1e-12,1 / (1 + uncertainty),1.0517548377079393,1.5593317223857908,1.0,1.7203898440073004,1.7203898440073004,0.26510117834220714,0.0,4.625137726796507,1.6774220544833742,HANDOFF_ACCEPTED,1457.6494524886093,1457.6494524886093,0.5436438102253187
Listener_Type_3.3_JM-1_B_4.8dB_T_-4.4dB_Harman_2013_OE_Filters_Target.txt,1.345,1.4826,0.15,1e-12,1 / (1 + uncertainty),0.9760340586913969,1.447068095415865,1.0,0.6128529591969141,0.6128529591969141,0.38626637357688726,0.0,3.8242074985244368,0.9618293023898172,HANDOFF_ACCEPTED,1261.648894259477,1261.648894259477,0.3353104768919842
SoundGuys.txt,1.345,1.4826,0.15,1e-12,1 / (1 + uncertainty),0.9193632606691295,1.3630479702680514,1.0,0.3670397834030865,0.3670397834030865,0.43736820705895413,0.0,2.272278340403312,0.7350683325807845,HANDOFF_ACCEPTED,1261.648894259477,1261.648894259477,0.3353104768919842
Super_22_Target.txt,1.345,1.4826,0.15,1e-12,1 / (1 + uncertainty),0.9679737141285045,1.4351178285669208,1.0,0.3667987265750554,0.3667987265750554,0.4283072656531187,0.0,3.2573544597390405,0.7957108090007674,HANDOFF_ACCEPTED,1261.648894259477,1261.648894259477,0.3353104768919842
_5128_DF_Tilt__-1dB_Oct_B_4dB_Target.txt,1.345,1.4826,0.15,1e-12,1 / (1 + uncertainty),0.9463811625411438,1.4031047115834998,1.0,0.31963904680725364,0.31963904680725364,0.4413023307888122,0.0,3.4891285491653585,1.1585252651310562,HANDOFF_ACCEPTED,1261.648894259477,1261.648894259477,0.3353104768919842
_Headphones.com_IEM_DF_Tilt__-1dB_Oct_B_4dB_Target.txt,1.345,1.4826,0.15,1e-12,1 / (1 + uncertainty),0.9086669130658009,1.3471895653113564,1.0,0.32062683601392905,0.32062683601392905,0.4485725581982221,0.0,6.556519295460574,1.4566363621222789,HANDOFF_ACCEPTED,1261.648894259477,1261.648894259477,0.3353104768919842
_JM-1_DF_Tilt__-1dB_Oct_B_4dB_Target.txt,1.345,1.4826,0.15,1e-12,1 / (1 + uncertainty),0.9492270993674623,1.4073240975221994,1.0,0.3264634406501017,0.3264634406501017,0.43942705847530655,0.0,4.933938866277826,1.0616240865670592,HANDOFF_ACCEPTED,1261.648894259477,1261.648894259477,0.3353104768919842
ief2025_5128.txt,1.345,1.4826,0.15,1e-12,1 / (1 + uncertainty),1.1019194414531697,1.6337057638984693,1.0,2.0247158826260048,2.024715882626012,0.24232817330984827,0.0,5.507352404363521,2.081505590420042,NO_STABLE_HANDOFF,,,
realab.txt,1.345,1.4826,0.15,1e-12,1 / (1 + uncertainty),1.1019194414531626,1.6337057638984587,1.0,2.0640658824926277,2.0640658824926277,0.24003925175925858,0.0,7.238614212077404,2.5274808599506136,NO_STABLE_HANDOFF,,,
