iem,offset_200_1000_db,offset_200_500_db,offset_500_1000_db
Ceramics_Ultra.txt,-41.619877752905,-41.447575599324,-41.997283634589
Galaxy_Buds2_Pro.txt,-41.567265399976,-41.649759869865,-41.264694498245
Svanar_Wireless_Jr.txt,-3.135029348948,-0.942896000537,-4.720896478106
Timeless.txt,-10.865708905220,-10.567290795978,-11.066792460025
Uploaded FOCUS Vocal [1] EQ Target.txt,-48.562827253739,-47.233584318733,-49.249848260815
Uploaded moondrop pudding fr EQ Target.txt,-3.960706072439,-3.707790449884,-4.327504799014
Uploaded Tforce yuanli EQ Target.txt,-21.984832969848,-22.058077850091,-21.885458824457
Uploaded_7hz_Zero_2_EQ_Target.txt,-8.826100921901,-8.744821080089,-8.921252367583
WF1000XM4.txt,-11.500751693475,-11.442164243380,-12.212488749260
